"TargetRoot","FullName","RelativePath","Length","LastWriteTime","SHA256"
"C:\Users\jichu\Downloads\주식\stock_rtx4060_algo_v2","C:\Users\jichu\Downloads\주식\stock_rtx4060_algo_v2\ALGORITHM_PATCH_REPORT_2026.md","ALGORITHM_PATCH_REPORT_2026.md","2952","2026-05-02T20:23:55.2951502+04:00","CCDD6AF426040F18940166EFD5140C266C0EA1925207D6E264C46BF24EB374E9"
"C:\Users\jichu\Downloads\주식\stock_rtx4060_algo_v2","C:\Users\jichu\Downloads\주식\stock_rtx4060_algo_v2\backtester.py","backtester.py","12848","2026-05-02T20:23:55.2365019+04:00","971F7E2A7443BFD703260ED06D9D85DF8269B6EAEDB1D90D9E0E5396ACC00542"
"C:\Users\jichu\Downloads\주식\stock_rtx4060_algo_v2","C:\Users\jichu\Downloads\주식\stock_rtx4060_algo_v2\CHANGELOG_RECOMMENDATION_PATCH.md","CHANGELOG_RECOMMENDATION_PATCH.md","1241","2026-05-02T20:23:55.2000163+04:00","AA8BF77D7306677C60EBD449FA1AF53115D32FB44BA931ABA4C173105AA746CD"
"C:\Users\jichu\Downloads\주식\stock_rtx4060_algo_v2","C:\Users\jichu\Downloads\주식\stock_rtx4060_algo_v2\DOC_REVIEW_AND_INSERTION.md","DOC_REVIEW_AND_INSERTION.md","3216","2026-05-02T20:23:55.2123730+04:00","70DB537B390BBD556B79BC18D9EBFD39354E1AE94D4A821EEE92171195F045C1"
"C:\Users\jichu\Downloads\주식\stock_rtx4060_algo_v2","C:\Users\jichu\Downloads\주식\stock_rtx4060_algo_v2\ensemble_model.py","ensemble_model.py","13634","2026-05-02T20:23:55.2442914+04:00","160D82C2D50BB68AA21DF99EF331599258721AF11E798429389E7C46DEC3FA4A"
"C:\Users\jichu\Downloads\주식\stock_rtx4060_algo_v2","C:\Users\jichu\Downloads\주식\stock_rtx4060_algo_v2\feature_engine.py","feature_engine.py","12268","2026-05-02T20:23:55.2271945+04:00","6BF316A59E3A96C1432DA707DA07791F5777F1BD6E4DC19AFDBA79B1518189F6"
"C:\Users\jichu\Downloads\주식\stock_rtx4060_algo_v2","C:\Users\jichu\Downloads\주식\stock_rtx4060_algo_v2\hw_profile.py","hw_profile.py","3664","2026-05-02T20:23:55.2504666+04:00","22DE80C2FE926F63F6AFF6B251893E0C48DE98931F69BD92F8E431B8D23DBE12"
"C:\Users\jichu\Downloads\주식\stock_rtx4060_algo_v2","C:\Users\jichu\Downloads\주식\stock_rtx4060_algo_v2\main.py","main.py","13365","2026-05-02T20:23:55.2634648+04:00","645C79F0B15C469E2B52C7F7A1A9D3CCF0598E6984D5E113A4CA62970D9EA21A"
"C:\Users\jichu\Downloads\주식\stock_rtx4060_algo_v2","C:\Users\jichu\Downloads\주식\stock_rtx4060_algo_v2\pyproject.toml","pyproject.toml","209","2026-05-02T20:23:55.2846427+04:00","9F62E4FB561A1976683D5935F7EC641E40CC6486E2EE433DDC4BDB0A6C8D33C6"
"C:\Users\jichu\Downloads\주식\stock_rtx4060_algo_v2","C:\Users\jichu\Downloads\주식\stock_rtx4060_algo_v2\README.md","README.md","2355","2026-05-02T20:23:55.2910467+04:00","0611C91799AD73516AC4D97A4543C160278655C1C0CE4DA59CC51456B6F82742"
"C:\Users\jichu\Downloads\주식\stock_rtx4060_algo_v2","C:\Users\jichu\Downloads\주식\stock_rtx4060_algo_v2\recommendation_engine.py","recommendation_engine.py","34516","2026-05-02T20:23:55.2587452+04:00","F7A02B42B2E2F1C813DBD6C7F5F74D861DA3C2481411569183ED2A96F8110AA8"
"C:\Users\jichu\Downloads\주식\stock_rtx4060_algo_v2","C:\Users\jichu\Downloads\주식\stock_rtx4060_algo_v2\requirements-gpu-wsl2.txt","requirements-gpu-wsl2.txt","175","2026-05-02T20:23:55.2744263+04:00","62C8004786E02E163B9A647800B81388DF020C00179AED0C6F3133AAC69FEBFE"
"C:\Users\jichu\Downloads\주식\stock_rtx4060_algo_v2","C:\Users\jichu\Downloads\주식\stock_rtx4060_algo_v2\requirements.txt","requirements.txt","110","2026-05-02T20:23:55.2744263+04:00","E5E89D16100F230516C2599CA5E28C393D985B2D9BCF709A4AAFB0D0339E0097"
"C:\Users\jichu\Downloads\주식\stock_rtx4060_algo_v2","C:\Users\jichu\Downloads\주식\stock_rtx4060_algo_v2\VALIDATION_LOG_ALGO_V2.txt","VALIDATION_LOG_ALGO_V2.txt","978","2026-05-02T20:23:55.2951502+04:00","F4F0ED760C27E5DEDFD02F3B9356AF44AB833A8C58D2D8E691B1F187A8D99820"
"C:\Users\jichu\Downloads\주식\stock_rtx4060_algo_v2","C:\Users\jichu\Downloads\주식\stock_rtx4060_algo_v2\.pytest_cache\.gitignore",".pytest_cache\.gitignore","39","2026-05-02T20:26:04.2088803+04:00","E7C6BB30148CF667606DCD63E7CA77ACAA3CFB0C8303BF09E6419E1E1669DC6D"
"C:\Users\jichu\Downloads\주식\stock_rtx4060_algo_v2","C:\Users\jichu\Downloads\주식\stock_rtx4060_algo_v2\.pytest_cache\CACHEDIR.TAG",".pytest_cache\CACHEDIR.TAG","191","2026-05-02T20:26:04.2108800+04:00","37DC88EF9A0ABEDDBE81053A6DD8FDFB13AFB613045EA1EB4A5C815A74A3BDE4"
"C:\Users\jichu\Downloads\주식\stock_rtx4060_algo_v2","C:\Users\jichu\Downloads\주식\stock_rtx4060_algo_v2\.pytest_cache\README.md",".pytest_cache\README.md","310","2026-05-02T20:26:04.2088803+04:00","420E808D79A6C25D3CDA0AF33BC4782314A14949866682C68CE8149E89B66B70"
"C:\Users\jichu\Downloads\주식\stock_rtx4060_algo_v2","C:\Users\jichu\Downloads\주식\stock_rtx4060_algo_v2\.pytest_cache\v\cache\nodeids",".pytest_cache\v\cache\nodeids","613","2026-05-02T20:26:04.2169736+04:00","87F0E2EBD7DEA8F1E637669D9D1B547F15B17E9990408771CBB6228C8CE48C2F"
"C:\Users\jichu\Downloads\주식\stock_rtx4060_algo_v2","C:\Users\jichu\Downloads\주식\stock_rtx4060_algo_v2\.pytest_cache\v\cache\stepwise",".pytest_cache\v\cache\stepwise","2","2026-05-02T20:26:04.2179728+04:00","4F53CDA18C2BAA0C0354BB5F9A3ECBE5ED12AB4D8E11BA873C2F11161202B945"
"C:\Users\jichu\Downloads\주식\stock_rtx4060_algo_v2","C:\Users\jichu\Downloads\주식\stock_rtx4060_algo_v2\docs\CROSS_CHECK_2026.md","docs\CROSS_CHECK_2026.md","1838","2026-05-02T20:23:55.3071097+04:00","13470D9D3DC5455B19FA6FC24A35C3F82918C7A5D3E971FF6EF70B27D89E4770"
"C:\Users\jichu\Downloads\주식\stock_rtx4060_algo_v2","C:\Users\jichu\Downloads\주식\stock_rtx4060_algo_v2\recommendation_reports\recommendations_algo_v2_20260502_161939.json","recommendation_reports\recommendations_algo_v2_20260502_161939.json","4137","2026-05-02T20:23:55.3308388+04:00","2764CD5B9F6D5FFB9A031E054C02FAE39C7A292422423458DB943440C0C987C2"
"C:\Users\jichu\Downloads\주식\stock_rtx4060_algo_v2","C:\Users\jichu\Downloads\주식\stock_rtx4060_algo_v2\recommendation_reports\recommendations_algo_v2_20260502_161939.md","recommendation_reports\recommendations_algo_v2_20260502_161939.md","1697","2026-05-02T20:23:55.3392695+04:00","A26EC208C54C561BB7FB20D6E1067F506689CDB87D8A72169841DB5003DFB977"
"C:\Users\jichu\Downloads\주식\stock_rtx4060_algo_v2","C:\Users\jichu\Downloads\주식\stock_rtx4060_algo_v2\recommendation_reports\recommendations_algo_v2_20260502_161955.json","recommendation_reports\recommendations_algo_v2_20260502_161955.json","4021","2026-05-02T20:23:55.3412796+04:00","DA7380537D2DEC598DB0062058F70FDF45B82570C301CAB169EBF544F4A3C24A"
"C:\Users\jichu\Downloads\주식\stock_rtx4060_algo_v2","C:\Users\jichu\Downloads\주식\stock_rtx4060_algo_v2\recommendation_reports\recommendations_algo_v2_20260502_161955.md","recommendation_reports\recommendations_algo_v2_20260502_161955.md","1649","2026-05-02T20:23:55.3492427+04:00","0A2862A917A2AE227CA31A05E089E939C7621CE47B2187BE9DAB84C0DA9E5F94"
"C:\Users\jichu\Downloads\주식\stock_rtx4060_algo_v2","C:\Users\jichu\Downloads\주식\stock_rtx4060_algo_v2\recommendation_reports\recommendations_algo_v2_20260502_162042.json","recommendation_reports\recommendations_algo_v2_20260502_162042.json","6885","2026-05-02T20:23:55.3596841+04:00","179C6BC533D639048EFD8C81765DBFB9854D0B879E0E320C28D8B2FF777A7652"
"C:\Users\jichu\Downloads\주식\stock_rtx4060_algo_v2","C:\Users\jichu\Downloads\주식\stock_rtx4060_algo_v2\recommendation_reports\recommendations_algo_v2_20260502_162042.md","recommendation_reports\recommendations_algo_v2_20260502_162042.md","2739","2026-05-02T20:23:55.3666489+04:00","0B1368A116DB54D278FBA016BAEE6E93440E41D651A6E5E47ED2B5B7680DA56C"
"C:\Users\jichu\Downloads\주식\stock_rtx4060_algo_v2","C:\Users\jichu\Downloads\주식\stock_rtx4060_algo_v2\reports\benchmark_algo_v2_20260502_161729.json","reports\benchmark_algo_v2_20260502_161729.json","1132","2026-05-02T20:23:55.3706542+04:00","6AE383A8BC5EE320BB26A5355C1E25EDB33BD9F37CC27473215F4D65B18996E0"
"C:\Users\jichu\Downloads\주식\stock_rtx4060_algo_v2","C:\Users\jichu\Downloads\주식\stock_rtx4060_algo_v2\reports\benchmark_algo_v2_20260502_161729.md","reports\benchmark_algo_v2_20260502_161729.md","601","2026-05-02T20:23:55.3826060+04:00","C04D97FEC3D74CB543B097A7FDDC33AF9EB5F94DCBB9DF69C7EE0F414A98C0E1"
"C:\Users\jichu\Downloads\주식\stock_rtx4060_algo_v2","C:\Users\jichu\Downloads\주식\stock_rtx4060_algo_v2\reports\benchmark_algo_v2_20260502_161807.json","reports\benchmark_algo_v2_20260502_161807.json","1135","2026-05-02T20:23:55.3877794+04:00","B2AC9D001E5677BF838151566F7C9D1C3AD2F8ADAF4782E8B3626D301D2668D8"
"C:\Users\jichu\Downloads\주식\stock_rtx4060_algo_v2","C:\Users\jichu\Downloads\주식\stock_rtx4060_algo_v2\reports\benchmark_algo_v2_20260502_161807.md","reports\benchmark_algo_v2_20260502_161807.md","604","2026-05-02T20:23:55.3910441+04:00","2BA2B35D6AC87DF0140BD0D3FD25C2D2F4D7F35AEBEC8CB4A6AF7E3142A5D0C7"
"C:\Users\jichu\Downloads\주식\stock_rtx4060_algo_v2","C:\Users\jichu\Downloads\주식\stock_rtx4060_algo_v2\tests\test_algorithm_v2.py","tests\test_algorithm_v2.py","404","2026-05-02T20:23:55.3220592+04:00","90495BFE4C277654565175EE9A44B1F5853A5A74C492ABA2E83F64CB700A0B3A"
"C:\Users\jichu\Downloads\주식\stock_rtx4060_algo_v2","C:\Users\jichu\Downloads\주식\stock_rtx4060_algo_v2\tests\__pycache__\test_algorithm_v2.cpython-312-pytest-8.3.5.pyc","tests\__pycache__\test_algorithm_v2.cpython-312-pytest-8.3.5.pyc","947","2026-05-02T20:26:00.6722732+04:00","981D63C4F3FE5DF00044DFF719D6C6201AC4E47452A0E0E943C6A89271F0D61F"
"C:\Users\jichu\Downloads\주식\stock_rtx4060_algo_v2","C:\Users\jichu\Downloads\주식\stock_rtx4060_algo_v2\__pycache__\backtester.cpython-312.pyc","__pycache__\backtester.cpython-312.pyc","16534","2026-05-02T20:26:00.4118853+04:00","36FB98D8FABC4CB354D4EC288659634D83D4F3FFA4813A450E2ADCB23537DADA"
"C:\Users\jichu\Downloads\주식\stock_rtx4060_algo_v2","C:\Users\jichu\Downloads\주식\stock_rtx4060_algo_v2\__pycache__\ensemble_model.cpython-312.pyc","__pycache__\ensemble_model.cpython-312.pyc","21495","2026-05-02T20:26:00.4179182+04:00","D2ABE25BB07A78580D21B4BFFAFAFC7D77F9CA64095AC7F249CF152E84C4A930"
"C:\Users\jichu\Downloads\주식\stock_rtx4060_algo_v2","C:\Users\jichu\Downloads\주식\stock_rtx4060_algo_v2\__pycache__\feature_engine.cpython-312.pyc","__pycache__\feature_engine.cpython-312.pyc","21867","2026-05-02T20:26:02.2344683+04:00","77E2FECC054A4E51C495F776A7618F6CAD93824ED1AAC10161E6E793036ADC39"
"C:\Users\jichu\Downloads\주식\stock_rtx4060_algo_v2","C:\Users\jichu\Downloads\주식\stock_rtx4060_algo_v2\__pycache__\hw_profile.cpython-312.pyc","__pycache__\hw_profile.cpython-312.pyc","5911","2026-05-02T20:26:02.2399880+04:00","B41D19821831F5F063EF1A6FECA788D68BC36EA9F0E368C73C2F0BA52ADAFC71"
"C:\Users\jichu\Downloads\주식\stock_rtx4060_algo_v2","C:\Users\jichu\Downloads\주식\stock_rtx4060_algo_v2\__pycache__\main.cpython-312-pytest-8.3.5.pyc","__pycache__\main.cpython-312-pytest-8.3.5.pyc","35148","2026-05-02T20:26:00.6824186+04:00","5DF25CC63AC31014B5B299D9DDDE700B4E04060E43CE931EAE037815BE1875FC"
"C:\Users\jichu\Downloads\주식\stock_rtx4060_algo_v2","C:\Users\jichu\Downloads\주식\stock_rtx4060_algo_v2\__pycache__\recommendation_engine.cpython-312.pyc","__pycache__\recommendation_engine.cpython-312.pyc","47911","2026-05-02T20:26:02.2973658+04:00","736B804F81D3002582D4668180C91C0E8E52184C75B72733CCE2C8B75A3DE835"
"C:\Users\jichu\Downloads\주식\stock_rtx4060_algo_v2_bundle\stock_rtx4060_algo_v2","C:\Users\jichu\Downloads\주식\stock_rtx4060_algo_v2_bundle\stock_rtx4060_algo_v2\ALGORITHM_PATCH_REPORT_2026.md","ALGORITHM_PATCH_REPORT_2026.md","2952","2026-05-02T20:23:55.2951502+04:00","CCDD6AF426040F18940166EFD5140C266C0EA1925207D6E264C46BF24EB374E9"
"C:\Users\jichu\Downloads\주식\stock_rtx4060_algo_v2_bundle\stock_rtx4060_algo_v2","C:\Users\jichu\Downloads\주식\stock_rtx4060_algo_v2_bundle\stock_rtx4060_algo_v2\backtester.py","backtester.py","12848","2026-05-02T20:23:55.2365019+04:00","971F7E2A7443BFD703260ED06D9D85DF8269B6EAEDB1D90D9E0E5396ACC00542"
"C:\Users\jichu\Downloads\주식\stock_rtx4060_algo_v2_bundle\stock_rtx4060_algo_v2","C:\Users\jichu\Downloads\주식\stock_rtx4060_algo_v2_bundle\stock_rtx4060_algo_v2\CHANGELOG_RECOMMENDATION_PATCH.md","CHANGELOG_RECOMMENDATION_PATCH.md","1241","2026-05-02T20:23:55.2000163+04:00","AA8BF77D7306677C60EBD449FA1AF53115D32FB44BA931ABA4C173105AA746CD"
"C:\Users\jichu\Downloads\주식\stock_rtx4060_algo_v2_bundle\stock_rtx4060_algo_v2","C:\Users\jichu\Downloads\주식\stock_rtx4060_algo_v2_bundle\stock_rtx4060_algo_v2\DOC_REVIEW_AND_INSERTION.md","DOC_REVIEW_AND_INSERTION.md","3216","2026-05-02T20:23:55.2123730+04:00","70DB537B390BBD556B79BC18D9EBFD39354E1AE94D4A821EEE92171195F045C1"
"C:\Users\jichu\Downloads\주식\stock_rtx4060_algo_v2_bundle\stock_rtx4060_algo_v2","C:\Users\jichu\Downloads\주식\stock_rtx4060_algo_v2_bundle\stock_rtx4060_algo_v2\ensemble_model.py","ensemble_model.py","13634","2026-05-02T20:23:55.2442914+04:00","160D82C2D50BB68AA21DF99EF331599258721AF11E798429389E7C46DEC3FA4A"
"C:\Users\jichu\Downloads\주식\stock_rtx4060_algo_v2_bundle\stock_rtx4060_algo_v2","C:\Users\jichu\Downloads\주식\stock_rtx4060_algo_v2_bundle\stock_rtx4060_algo_v2\feature_engine.py","feature_engine.py","12268","2026-05-02T20:23:55.2271945+04:00","6BF316A59E3A96C1432DA707DA07791F5777F1BD6E4DC19AFDBA79B1518189F6"
"C:\Users\jichu\Downloads\주식\stock_rtx4060_algo_v2_bundle\stock_rtx4060_algo_v2","C:\Users\jichu\Downloads\주식\stock_rtx4060_algo_v2_bundle\stock_rtx4060_algo_v2\hw_profile.py","hw_profile.py","3664","2026-05-02T20:23:55.2504666+04:00","22DE80C2FE926F63F6AFF6B251893E0C48DE98931F69BD92F8E431B8D23DBE12"
"C:\Users\jichu\Downloads\주식\stock_rtx4060_algo_v2_bundle\stock_rtx4060_algo_v2","C:\Users\jichu\Downloads\주식\stock_rtx4060_algo_v2_bundle\stock_rtx4060_algo_v2\main.py","main.py","13365","2026-05-02T20:23:55.2634648+04:00","645C79F0B15C469E2B52C7F7A1A9D3CCF0598E6984D5E113A4CA62970D9EA21A"
"C:\Users\jichu\Downloads\주식\stock_rtx4060_algo_v2_bundle\stock_rtx4060_algo_v2","C:\Users\jichu\Downloads\주식\stock_rtx4060_algo_v2_bundle\stock_rtx4060_algo_v2\pyproject.toml","pyproject.toml","209","2026-05-02T20:23:55.2846427+04:00","9F62E4FB561A1976683D5935F7EC641E40CC6486E2EE433DDC4BDB0A6C8D33C6"
"C:\Users\jichu\Downloads\주식\stock_rtx4060_algo_v2_bundle\stock_rtx4060_algo_v2","C:\Users\jichu\Downloads\주식\stock_rtx4060_algo_v2_bundle\stock_rtx4060_algo_v2\README.md","README.md","2355","2026-05-02T20:23:55.2910467+04:00","0611C91799AD73516AC4D97A4543C160278655C1C0CE4DA59CC51456B6F82742"
"C:\Users\jichu\Downloads\주식\stock_rtx4060_algo_v2_bundle\stock_rtx4060_algo_v2","C:\Users\jichu\Downloads\주식\stock_rtx4060_algo_v2_bundle\stock_rtx4060_algo_v2\recommendation_engine.py","recommendation_engine.py","34516","2026-05-02T20:23:55.2587452+04:00","F7A02B42B2E2F1C813DBD6C7F5F74D861DA3C2481411569183ED2A96F8110AA8"
"C:\Users\jichu\Downloads\주식\stock_rtx4060_algo_v2_bundle\stock_rtx4060_algo_v2","C:\Users\jichu\Downloads\주식\stock_rtx4060_algo_v2_bundle\stock_rtx4060_algo_v2\requirements-gpu-wsl2.txt","requirements-gpu-wsl2.txt","175","2026-05-02T20:23:55.2744263+04:00","62C8004786E02E163B9A647800B81388DF020C00179AED0C6F3133AAC69FEBFE"
"C:\Users\jichu\Downloads\주식\stock_rtx4060_algo_v2_bundle\stock_rtx4060_algo_v2","C:\Users\jichu\Downloads\주식\stock_rtx4060_algo_v2_bundle\stock_rtx4060_algo_v2\requirements.txt","requirements.txt","110","2026-05-02T20:23:55.2744263+04:00","E5E89D16100F230516C2599CA5E28C393D985B2D9BCF709A4AAFB0D0339E0097"
"C:\Users\jichu\Downloads\주식\stock_rtx4060_algo_v2_bundle\stock_rtx4060_algo_v2","C:\Users\jichu\Downloads\주식\stock_rtx4060_algo_v2_bundle\stock_rtx4060_algo_v2\VALIDATION_LOG_ALGO_V2.txt","VALIDATION_LOG_ALGO_V2.txt","978","2026-05-02T20:23:55.2951502+04:00","F4F0ED760C27E5DEDFD02F3B9356AF44AB833A8C58D2D8E691B1F187A8D99820"
"C:\Users\jichu\Downloads\주식\stock_rtx4060_algo_v2_bundle\stock_rtx4060_algo_v2","C:\Users\jichu\Downloads\주식\stock_rtx4060_algo_v2_bundle\stock_rtx4060_algo_v2\docs\CROSS_CHECK_2026.md","docs\CROSS_CHECK_2026.md","1838","2026-05-02T20:23:55.3071097+04:00","13470D9D3DC5455B19FA6FC24A35C3F82918C7A5D3E971FF6EF70B27D89E4770"
"C:\Users\jichu\Downloads\주식\stock_rtx4060_algo_v2_bundle\stock_rtx4060_algo_v2","C:\Users\jichu\Downloads\주식\stock_rtx4060_algo_v2_bundle\stock_rtx4060_algo_v2\recommendation_reports\recommendations_algo_v2_20260502_161939.json","recommendation_reports\recommendations_algo_v2_20260502_161939.json","4137","2026-05-02T20:23:55.3308388+04:00","2764CD5B9F6D5FFB9A031E054C02FAE39C7A292422423458DB943440C0C987C2"
"C:\Users\jichu\Downloads\주식\stock_rtx4060_algo_v2_bundle\stock_rtx4060_algo_v2","C:\Users\jichu\Downloads\주식\stock_rtx4060_algo_v2_bundle\stock_rtx4060_algo_v2\recommendation_reports\recommendations_algo_v2_20260502_161939.md","recommendation_reports\recommendations_algo_v2_20260502_161939.md","1697","2026-05-02T20:23:55.3392695+04:00","A26EC208C54C561BB7FB20D6E1067F506689CDB87D8A72169841DB5003DFB977"
"C:\Users\jichu\Downloads\주식\stock_rtx4060_algo_v2_bundle\stock_rtx4060_algo_v2","C:\Users\jichu\Downloads\주식\stock_rtx4060_algo_v2_bundle\stock_rtx4060_algo_v2\recommendation_reports\recommendations_algo_v2_20260502_161955.json","recommendation_reports\recommendations_algo_v2_20260502_161955.json","4021","2026-05-02T20:23:55.3412796+04:00","DA7380537D2DEC598DB0062058F70FDF45B82570C301CAB169EBF544F4A3C24A"
"C:\Users\jichu\Downloads\주식\stock_rtx4060_algo_v2_bundle\stock_rtx4060_algo_v2","C:\Users\jichu\Downloads\주식\stock_rtx4060_algo_v2_bundle\stock_rtx4060_algo_v2\recommendation_reports\recommendations_algo_v2_20260502_161955.md","recommendation_reports\recommendations_algo_v2_20260502_161955.md","1649","2026-05-02T20:23:55.3492427+04:00","0A2862A917A2AE227CA31A05E089E939C7621CE47B2187BE9DAB84C0DA9E5F94"
"C:\Users\jichu\Downloads\주식\stock_rtx4060_algo_v2_bundle\stock_rtx4060_algo_v2","C:\Users\jichu\Downloads\주식\stock_rtx4060_algo_v2_bundle\stock_rtx4060_algo_v2\recommendation_reports\recommendations_algo_v2_20260502_162042.json","recommendation_reports\recommendations_algo_v2_20260502_162042.json","6885","2026-05-02T20:23:55.3596841+04:00","179C6BC533D639048EFD8C81765DBFB9854D0B879E0E320C28D8B2FF777A7652"
"C:\Users\jichu\Downloads\주식\stock_rtx4060_algo_v2_bundle\stock_rtx4060_algo_v2","C:\Users\jichu\Downloads\주식\stock_rtx4060_algo_v2_bundle\stock_rtx4060_algo_v2\recommendation_reports\recommendations_algo_v2_20260502_162042.md","recommendation_reports\recommendations_algo_v2_20260502_162042.md","2739","2026-05-02T20:23:55.3666489+04:00","0B1368A116DB54D278FBA016BAEE6E93440E41D651A6E5E47ED2B5B7680DA56C"
"C:\Users\jichu\Downloads\주식\stock_rtx4060_algo_v2_bundle\stock_rtx4060_algo_v2","C:\Users\jichu\Downloads\주식\stock_rtx4060_algo_v2_bundle\stock_rtx4060_algo_v2\reports\benchmark_algo_v2_20260502_161729.json","reports\benchmark_algo_v2_20260502_161729.json","1132","2026-05-02T20:23:55.3706542+04:00","6AE383A8BC5EE320BB26A5355C1E25EDB33BD9F37CC27473215F4D65B18996E0"
"C:\Users\jichu\Downloads\주식\stock_rtx4060_algo_v2_bundle\stock_rtx4060_algo_v2","C:\Users\jichu\Downloads\주식\stock_rtx4060_algo_v2_bundle\stock_rtx4060_algo_v2\reports\benchmark_algo_v2_20260502_161729.md","reports\benchmark_algo_v2_20260502_161729.md","601","2026-05-02T20:23:55.3826060+04:00","C04D97FEC3D74CB543B097A7FDDC33AF9EB5F94DCBB9DF69C7EE0F414A98C0E1"
"C:\Users\jichu\Downloads\주식\stock_rtx4060_algo_v2_bundle\stock_rtx4060_algo_v2","C:\Users\jichu\Downloads\주식\stock_rtx4060_algo_v2_bundle\stock_rtx4060_algo_v2\reports\benchmark_algo_v2_20260502_161807.json","reports\benchmark_algo_v2_20260502_161807.json","1135","2026-05-02T20:23:55.3877794+04:00","B2AC9D001E5677BF838151566F7C9D1C3AD2F8ADAF4782E8B3626D301D2668D8"
"C:\Users\jichu\Downloads\주식\stock_rtx4060_algo_v2_bundle\stock_rtx4060_algo_v2","C:\Users\jichu\Downloads\주식\stock_rtx4060_algo_v2_bundle\stock_rtx4060_algo_v2\reports\benchmark_algo_v2_20260502_161807.md","reports\benchmark_algo_v2_20260502_161807.md","604","2026-05-02T20:23:55.3910441+04:00","2BA2B35D6AC87DF0140BD0D3FD25C2D2F4D7F35AEBEC8CB4A6AF7E3142A5D0C7"
"C:\Users\jichu\Downloads\주식\stock_rtx4060_algo_v2_bundle\stock_rtx4060_algo_v2","C:\Users\jichu\Downloads\주식\stock_rtx4060_algo_v2_bundle\stock_rtx4060_algo_v2\tests\test_algorithm_v2.py","tests\test_algorithm_v2.py","404","2026-05-02T20:23:55.3220592+04:00","90495BFE4C277654565175EE9A44B1F5853A5A74C492ABA2E83F64CB700A0B3A"
"C:\Users\jichu\Downloads\주식\stock_rtx4060_recommendation_patch","C:\Users\jichu\Downloads\주식\stock_rtx4060_recommendation_patch\backtester.py","backtester.py","6281","2026-05-02T20:06:03.3754042+04:00","8D5486C7CE403DFF03F8F2C49632BFDBFA2E7D0EEF471A8C0A545FEF910AF5E4"
"C:\Users\jichu\Downloads\주식\stock_rtx4060_recommendation_patch","C:\Users\jichu\Downloads\주식\stock_rtx4060_recommendation_patch\CHANGELOG_RECOMMENDATION_PATCH.md","CHANGELOG_RECOMMENDATION_PATCH.md","1241","2026-05-02T20:06:03.5233623+04:00","AA8BF77D7306677C60EBD449FA1AF53115D32FB44BA931ABA4C173105AA746CD"
"C:\Users\jichu\Downloads\주식\stock_rtx4060_recommendation_patch","C:\Users\jichu\Downloads\주식\stock_rtx4060_recommendation_patch\DOC_REVIEW_AND_INSERTION.md","DOC_REVIEW_AND_INSERTION.md","3216","2026-05-02T20:06:03.5187745+04:00","70DB537B390BBD556B79BC18D9EBFD39354E1AE94D4A821EEE92171195F045C1"
"C:\Users\jichu\Downloads\주식\stock_rtx4060_recommendation_patch","C:\Users\jichu\Downloads\주식\stock_rtx4060_recommendation_patch\ensemble_model.py","ensemble_model.py","8755","2026-05-02T20:06:03.3419849+04:00","E1CF6493FC7439DB64F890D40776084F9E186DD732D52F9232066A57E6AC90DF"
"C:\Users\jichu\Downloads\주식\stock_rtx4060_recommendation_patch","C:\Users\jichu\Downloads\주식\stock_rtx4060_recommendation_patch\feature_engine.py","feature_engine.py","8716","2026-05-02T20:06:03.3574671+04:00","285AA6CFF46B68C512A4DEE99853C12DA2119C918662423B070128F7E47DFF0E"
"C:\Users\jichu\Downloads\주식\stock_rtx4060_recommendation_patch","C:\Users\jichu\Downloads\주식\stock_rtx4060_recommendation_patch\hw_profile.py","hw_profile.py","8424","2026-05-02T20:06:03.4298816+04:00","268F01CF61619398EFECE3F8D900A7433C52A105385EF86528209D003D43F657"
"C:\Users\jichu\Downloads\주식\stock_rtx4060_recommendation_patch","C:\Users\jichu\Downloads\주식\stock_rtx4060_recommendation_patch\main.py","main.py","10883","2026-05-02T20:06:03.3653420+04:00","D4D92646E00AEEC0410130E37309E67FA8898185FC67B14A3C5E07A440FB51A6"
"C:\Users\jichu\Downloads\주식\stock_rtx4060_recommendation_patch","C:\Users\jichu\Downloads\주식\stock_rtx4060_recommendation_patch\RECOMMENDATION_ENGINE.md","RECOMMENDATION_ENGINE.md","3194","2026-05-02T20:06:03.4921222+04:00","5063C414511301591F3A61E5551EBF8E1C04769E14E718BF9EF39DFDB1559055"
"C:\Users\jichu\Downloads\주식\stock_rtx4060_recommendation_patch","C:\Users\jichu\Downloads\주식\stock_rtx4060_recommendation_patch\recommendation_engine.py","recommendation_engine.py","27398","2026-05-02T20:06:03.4865862+04:00","800A0EC4ADC093BFAD87EE7FD44880FBAC6C1DE7C4E7CB29607C1A82246B636C"
"C:\Users\jichu\Downloads\주식\stock_rtx4060_recommendation_patch","C:\Users\jichu\Downloads\주식\stock_rtx4060_recommendation_patch\SETUP.md","SETUP.md","3086","2026-05-02T20:06:03.4376711+04:00","D67AE05798F5A6B6D6C68733AF68AB42BE3BF33CFD596BD65D8CC76BCB14FFF3"
"C:\Users\jichu\Downloads\주식\stock_rtx4060_recommendation_patch","C:\Users\jichu\Downloads\주식\stock_rtx4060_recommendation_patch\VALIDATION_LOG_RECOMMENDATION_PATCH.txt","VALIDATION_LOG_RECOMMENDATION_PATCH.txt","585","2026-05-02T20:06:03.5338010+04:00","3EC660033F54729ABDB8446ABFC9A2BF4E00477CA6EE51D2F8DB37F509130A94"
"C:\Users\jichu\Downloads\주식\stock_rtx4060_recommendation_patch","C:\Users\jichu\Downloads\주식\stock_rtx4060_recommendation_patch\.pytest_cache\.gitignore",".pytest_cache\.gitignore","37","2026-05-02T20:06:03.4507780+04:00","3ED731B65D06150C138E2DADB0BE0697550888A6B47EB8C45ECC9ADBA8B8E9BD"
"C:\Users\jichu\Downloads\주식\stock_rtx4060_recommendation_patch","C:\Users\jichu\Downloads\주식\stock_rtx4060_recommendation_patch\.pytest_cache\CACHEDIR.TAG",".pytest_cache\CACHEDIR.TAG","191","2026-05-02T20:06:03.4598778+04:00","37DC88EF9A0ABEDDBE81053A6DD8FDFB13AFB613045EA1EB4A5C815A74A3BDE4"
"C:\Users\jichu\Downloads\주식\stock_rtx4060_recommendation_patch","C:\Users\jichu\Downloads\주식\stock_rtx4060_recommendation_patch\.pytest_cache\README.md",".pytest_cache\README.md","302","2026-05-02T20:06:03.4477492+04:00","73FD6FCCDD802C419A6B2D983D6C3173B7DA97558AC4B589EDEC2DFE443DB9AD"
"C:\Users\jichu\Downloads\주식\stock_rtx4060_recommendation_patch","C:\Users\jichu\Downloads\주식\stock_rtx4060_recommendation_patch\.pytest_cache\v\cache\nodeids",".pytest_cache\v\cache\nodeids","203","2026-05-02T20:06:03.4742345+04:00","100D7E5001E7979D4440BDC7CAF73E3481C18A8799683A103FCDA694ABD4DD30"
"C:\Users\jichu\Downloads\주식\stock_rtx4060_recommendation_patch","C:\Users\jichu\Downloads\주식\stock_rtx4060_recommendation_patch\mnt\user-data\outputs\stock_rtx4060\backtester.py","mnt\user-data\outputs\stock_rtx4060\backtester.py","5483","2026-05-02T20:06:03.4085776+04:00","DB50BA2C2F08AC53D157A0609677A8C566B14264AF6590E51A466755E4EA4C0E"
"C:\Users\jichu\Downloads\주식\stock_rtx4060_recommendation_patch","C:\Users\jichu\Downloads\주식\stock_rtx4060_recommendation_patch\mnt\user-data\outputs\stock_rtx4060\ensemble_model.py","mnt\user-data\outputs\stock_rtx4060\ensemble_model.py","11899","2026-05-02T20:06:03.3960748+04:00","E94CF36926F99AF962526796343CE44238D8E2CB7113470B84F95FEA6882FD81"
"C:\Users\jichu\Downloads\주식\stock_rtx4060_recommendation_patch","C:\Users\jichu\Downloads\주식\stock_rtx4060_recommendation_patch\mnt\user-data\outputs\stock_rtx4060\feature_engine.py","mnt\user-data\outputs\stock_rtx4060\feature_engine.py","10859","2026-05-02T20:06:03.4058230+04:00","0EEB69975932B8E4C49B5865163E17AC186C9C1540D9601A20A1508197FC0588"
"C:\Users\jichu\Downloads\주식\stock_rtx4060_recommendation_patch","C:\Users\jichu\Downloads\주식\stock_rtx4060_recommendation_patch\mnt\user-data\outputs\stock_rtx4060\main.py","mnt\user-data\outputs\stock_rtx4060\main.py","10156","2026-05-02T20:06:03.4175389+04:00","3AF1EB9D3487EE5FA05B9D8E4E0210EBE604DB3B907B68ADCB23EA922FF927DA"
"C:\Users\jichu\Downloads\주식\stock_rtx4060_recommendation_patch","C:\Users\jichu\Downloads\주식\stock_rtx4060_recommendation_patch\mnt\user-data\outputs\stock_rtx4060\__pycache__\backtester.cpython-314.pyc","mnt\user-data\outputs\stock_rtx4060\__pycache__\backtester.cpython-314.pyc","10744","2026-05-02T20:15:57.2890816+04:00","F67B7BCC20B558EA9AC04B831B958483B87B32570107DA7D6EE7F9EC65A9008D"
"C:\Users\jichu\Downloads\주식\stock_rtx4060_recommendation_patch","C:\Users\jichu\Downloads\주식\stock_rtx4060_recommendation_patch\mnt\user-data\outputs\stock_rtx4060\__pycache__\ensemble_model.cpython-314.pyc","mnt\user-data\outputs\stock_rtx4060\__pycache__\ensemble_model.cpython-314.pyc","18757","2026-05-02T20:15:57.2951578+04:00","2DFD6FE9D2B9E4A8080E2427F21D949A12F8CB86FB979937369B933C194E2346"
"C:\Users\jichu\Downloads\주식\stock_rtx4060_recommendation_patch","C:\Users\jichu\Downloads\주식\stock_rtx4060_recommendation_patch\mnt\user-data\outputs\stock_rtx4060\__pycache__\feature_engine.cpython-314.pyc","mnt\user-data\outputs\stock_rtx4060\__pycache__\feature_engine.cpython-314.pyc","23387","2026-05-02T20:15:57.3041565+04:00","2B88C3491060067D359E26595085C98F9EA1494749685EDEC4FF6A7A5CF03A0B"
"C:\Users\jichu\Downloads\주식\stock_rtx4060_recommendation_patch","C:\Users\jichu\Downloads\주식\stock_rtx4060_recommendation_patch\mnt\user-data\outputs\stock_rtx4060\__pycache__\main.cpython-314.pyc","mnt\user-data\outputs\stock_rtx4060\__pycache__\main.cpython-314.pyc","16654","2026-05-02T20:15:57.3103186+04:00","A97508A739B93598FD6564690C4BD0787820E06DBB122516C2CF3EF792B9CDB8"
"C:\Users\jichu\Downloads\주식\stock_rtx4060_recommendation_patch","C:\Users\jichu\Downloads\주식\stock_rtx4060_recommendation_patch\recommendation_reports\recommendations_20260502_160206.json","recommendation_reports\recommendations_20260502_160206.json","6796","2026-05-02T20:06:03.5031359+04:00","BB2CD1ADA327829DDF1D05B20458BC286A60C046A4D8C1FDDA0BADFAE98E0983"
"C:\Users\jichu\Downloads\주식\stock_rtx4060_recommendation_patch","C:\Users\jichu\Downloads\주식\stock_rtx4060_recommendation_patch\recommendation_reports\recommendations_20260502_160206.md","recommendation_reports\recommendations_20260502_160206.md","2271","2026-05-02T20:06:03.5031359+04:00","1B72629F3AF383D8BEFDC0F5D02170383BF17C827E98B89E453D3AA2EEB7C83D"
"C:\Users\jichu\Downloads\주식\stock_rtx4060_recommendation_patch","C:\Users\jichu\Downloads\주식\stock_rtx4060_recommendation_patch\__pycache__\backtester.cpython-314.pyc","__pycache__\backtester.cpython-314.pyc","9569","2026-05-02T20:15:57.2559690+04:00","9818B6B36093C78461310FC96224E0200E5F20922F80412F38715A6C61A5D12A"
"C:\Users\jichu\Downloads\주식\stock_rtx4060_recommendation_patch","C:\Users\jichu\Downloads\주식\stock_rtx4060_recommendation_patch\__pycache__\ensemble_model.cpython-314.pyc","__pycache__\ensemble_model.cpython-314.pyc","15071","2026-05-02T20:15:57.2636578+04:00","C37B6099C79A0CB2CF3AD663F1565E3E5CA1F56980FB6B6D677080CF60D37CD5"
"C:\Users\jichu\Downloads\주식\stock_rtx4060_recommendation_patch","C:\Users\jichu\Downloads\주식\stock_rtx4060_recommendation_patch\__pycache__\feature_engine.cpython-314.pyc","__pycache__\feature_engine.cpython-314.pyc","18311","2026-05-02T20:15:57.2701794+04:00","376AF1797E7692FDE9475620B24E925BF5D8658A6DD4D732E1C3A2EB58A241B7"
"C:\Users\jichu\Downloads\주식\stock_rtx4060_recommendation_patch","C:\Users\jichu\Downloads\주식\stock_rtx4060_recommendation_patch\__pycache__\hw_profile.cpython-314.pyc","__pycache__\hw_profile.cpython-314.pyc","6456","2026-05-02T20:15:57.2745185+04:00","2E8DC85F9B3A0FA409829C2BCBCAD9B4DB2842F9C9FF7681CDF9C6441E6FC2FC"
"C:\Users\jichu\Downloads\주식\stock_rtx4060_recommendation_patch","C:\Users\jichu\Downloads\주식\stock_rtx4060_recommendation_patch\__pycache__\main.cpython-314.pyc","__pycache__\main.cpython-314.pyc","16070","2026-05-02T20:15:57.2825670+04:00","666E0306CC832A921F3772B51CB2725819F419F31B75B7DC9A7208041FBBF63F"
"C:\Users\jichu\Downloads\주식\stock_rtx4060_recommendation_patch","C:\Users\jichu\Downloads\주식\stock_rtx4060_recommendation_patch\__pycache__\recommendation_engine.cpython-314.pyc","__pycache__\recommendation_engine.cpython-314.pyc","44083","2026-05-02T20:15:57.3221521+04:00","F0BDB80CCCB677C84569BB8A1A56B9BF650FB4499C59D45E915D075F3FC0F338"
"C:\Users\jichu\Downloads\주식\workspaces","C:\Users\jichu\Downloads\주식\workspaces\actual_execution_workspace\runtime_status_xgboost_fixed.json","actual_execution_workspace\runtime_status_xgboost_fixed.json","694","2026-05-02T18:34:29.8694895+04:00","BE1304A0351F684E0FB06FC726579254456DE4742D65481EA9F762B6812F2EEB"
"C:\Users\jichu\Downloads\주식\workspaces","C:\Users\jichu\Downloads\주식\workspaces\actual_execution_workspace\runtime_status_xgboost.json","actual_execution_workspace\runtime_status_xgboost.json","694","2026-05-02T18:29:28.0352767+04:00","BE1304A0351F684E0FB06FC726579254456DE4742D65481EA9F762B6812F2EEB"
"C:\Users\jichu\Downloads\주식\workspaces","C:\Users\jichu\Downloads\주식\workspaces\actual_execution_workspace\runtime_status.json","actual_execution_workspace\runtime_status.json","790","2026-05-02T18:27:04.5908230+04:00","FE5FF4328D20CE0BFBCD0DCC9AFECD55FCFFD1D46F2A947CAC381D4CC2AB241F"
"C:\Users\jichu\Downloads\주식\workspaces","C:\Users\jichu\Downloads\주식\workspaces\actual_execution_workspace\benchmarks\benchmark_2026-05-02_182704.json","actual_execution_workspace\benchmarks\benchmark_2026-05-02_182704.json","1390","2026-05-02T18:27:04.7042674+04:00","AB70401D1B69A121B398D22CF94AF2EBE5134BF023DE1AC5AC06E6256BD5337A"
"C:\Users\jichu\Downloads\주식\workspaces","C:\Users\jichu\Downloads\주식\workspaces\actual_execution_workspace\benchmarks\benchmark_2026-05-02_182704.md","actual_execution_workspace\benchmarks\benchmark_2026-05-02_182704.md","746","2026-05-02T18:27:04.7225437+04:00","3EE3350488B095AB287380B0032552F9BB696169576BD4CDD602CB33C8D089E2"
"C:\Users\jichu\Downloads\주식\workspaces","C:\Users\jichu\Downloads\주식\workspaces\actual_execution_workspace\benchmarks_after_doc_update\benchmark_2026-05-02_192511.json","actual_execution_workspace\benchmarks_after_doc_update\benchmark_2026-05-02_192511.json","1870","2026-05-02T19:25:11.9490781+04:00","B1000089BF79D500E55499691D9E3FD34F93D2A3B96D57BBEC0E925475801CC8"
"C:\Users\jichu\Downloads\주식\workspaces","C:\Users\jichu\Downloads\주식\workspaces\actual_execution_workspace\benchmarks_after_doc_update\benchmark_2026-05-02_192511.md","actual_execution_workspace\benchmarks_after_doc_update\benchmark_2026-05-02_192511.md","1339","2026-05-02T19:25:11.9584353+04:00","52E70255CBBF90BC5E88D7CA8CA8DED069788300DE11308D24D4E200A04A7254"
"C:\Users\jichu\Downloads\주식\workspaces","C:\Users\jichu\Downloads\주식\workspaces\actual_execution_workspace\benchmarks_gpu\benchmark_2026-05-02_183220.json","actual_execution_workspace\benchmarks_gpu\benchmark_2026-05-02_183220.json","1624","2026-05-02T18:32:20.3451989+04:00","1BD356D4D37B3972CA62C159574FDCC26A610A7C5B4F0D393CDB334D00BA1091"
"C:\Users\jichu\Downloads\주식\workspaces","C:\Users\jichu\Downloads\주식\workspaces\actual_execution_workspace\benchmarks_gpu\benchmark_2026-05-02_183220.md","actual_execution_workspace\benchmarks_gpu\benchmark_2026-05-02_183220.md","1118","2026-05-02T18:32:20.3588568+04:00","3BC7987DB56DA6A080CD9EE8BB2F578C370209023C73D4285B730BCCDF4ABE5E"
"C:\Users\jichu\Downloads\주식\workspaces","C:\Users\jichu\Downloads\주식\workspaces\actual_execution_workspace\benchmarks_gpu_10000\benchmark_2026-05-02_183546.json","actual_execution_workspace\benchmarks_gpu_10000\benchmark_2026-05-02_183546.json","1624","2026-05-02T18:35:46.1330415+04:00","F4B5C0A2B2D49DBBF251258D7A10FD33E5DDEEC272C0182D6CA468B9856F6B5E"
"C:\Users\jichu\Downloads\주식\workspaces","C:\Users\jichu\Downloads\주식\workspaces\actual_execution_workspace\benchmarks_gpu_10000\benchmark_2026-05-02_183546.md","actual_execution_workspace\benchmarks_gpu_10000\benchmark_2026-05-02_183546.md","1119","2026-05-02T18:35:46.1432715+04:00","F46F6C97AF49C79423E5AB060A87FAA1665324F026FF7C362FCA189DE8C30255"
"C:\Users\jichu\Downloads\주식\workspaces","C:\Users\jichu\Downloads\주식\workspaces\actual_execution_workspace\benchmarks_gpu_fixed\benchmark_2026-05-02_183434.json","actual_execution_workspace\benchmarks_gpu_fixed\benchmark_2026-05-02_183434.json","1624","2026-05-02T18:34:34.2814898+04:00","1B3294B9D2D13A65A69C5D1C3D230F6940360F4297D34D4CE17E95F050B291B9"
"C:\Users\jichu\Downloads\주식\workspaces","C:\Users\jichu\Downloads\주식\workspaces\actual_execution_workspace\benchmarks_gpu_fixed\benchmark_2026-05-02_183434.md","actual_execution_workspace\benchmarks_gpu_fixed\benchmark_2026-05-02_183434.md","1118","2026-05-02T18:34:34.2895928+04:00","5C175EE546BF73224CE2BA2B28FDC9C5A08FDD1BF4437E472F911B3ACA151D54"
"C:\Users\jichu\Downloads\주식\workspaces","C:\Users\jichu\Downloads\주식\workspaces\actual_execution_workspace\benchmarks_xgb_cpu_gpu_10000\benchmark_2026-05-02_184710.json","actual_execution_workspace\benchmarks_xgb_cpu_gpu_10000\benchmark_2026-05-02_184710.json","1871","2026-05-02T18:47:10.5766616+04:00","B52C44FF86B6A5A6C973D889CC6E29CC8B67A7492BF7272217C70C7AFE69178F"
"C:\Users\jichu\Downloads\주식\workspaces","C:\Users\jichu\Downloads\주식\workspaces\actual_execution_workspace\benchmarks_xgb_cpu_gpu_10000\benchmark_2026-05-02_184710.md","actual_execution_workspace\benchmarks_xgb_cpu_gpu_10000\benchmark_2026-05-02_184710.md","1339","2026-05-02T18:47:10.5954852+04:00","2044F2E99C68C0BCD0C2EF0C8AA5F1CD42F9F1DE381F56A8E33877D8017BE85E"
"C:\Users\jichu\Downloads\주식\workspaces","C:\Users\jichu\Downloads\주식\workspaces\actual_execution_workspace\data\sample_ohlcv.csv","actual_execution_workspace\data\sample_ohlcv.csv","68567","2026-05-02T18:27:04.1922347+04:00","EE64014ED4F1D71308CE5B99C9CADFB9116B017A34FD8CB13D615030FE90269F"
"C:\Users\jichu\Downloads\주식\workspaces","C:\Users\jichu\Downloads\주식\workspaces\actual_execution_workspace\reports\daily_brief_2026-05-02_182704.md","actual_execution_workspace\reports\daily_brief_2026-05-02_182704.md","1089","2026-05-02T18:27:04.6270089+04:00","52AA77CC1B416E4BCAB0CCFBB5B5A1573939696954054C8962130580ACC3FEC9"
"C:\Users\jichu\Downloads\주식\workspaces","C:\Users\jichu\Downloads\주식\workspaces\actual_execution_workspace\reports\monthly_scorecard_2026-05-02_182704.md","actual_execution_workspace\reports\monthly_scorecard_2026-05-02_182704.md","611","2026-05-02T18:27:04.6375223+04:00","685F0D81CE1CA6848486F535FA862F5F0F99353C0E5C910451666F99E4963745"
"C:\Users\jichu\Downloads\주식\workspaces","C:\Users\jichu\Downloads\주식\workspaces\actual_execution_workspace\reports\pipeline_result_2026-05-02_182704.json","actual_execution_workspace\reports\pipeline_result_2026-05-02_182704.json","24989","2026-05-02T18:27:04.6420319+04:00","3B2F0D86E8118DC7D46465A4469CE341F1DE29719E3E98621594EBFFB7D24E65"
"C:\Users\jichu\Downloads\주식\workspaces","C:\Users\jichu\Downloads\주식\workspaces\actual_execution_workspace\reports\risk_dashboard_2026-05-02_182704.md","actual_execution_workspace\reports\risk_dashboard_2026-05-02_182704.md","504","2026-05-02T18:27:04.6335096+04:00","0832943D2430C6CBE269EFF6F57F04A861B3F60981062BDD3A43DFF486461A2E"
"C:\Users\jichu\Downloads\주식\workspaces","C:\Users\jichu\Downloads\주식\workspaces\actual_execution_workspace\reports\track_l_thesis_2026-05-02_182704.md","actual_execution_workspace\reports\track_l_thesis_2026-05-02_182704.md","522","2026-05-02T18:27:04.6345183+04:00","E1C42EFF410DB3ADED374D2FF0D7D12DDB6BCF51F38E67E1DD8AE9FAF5979D51"
"C:\Users\jichu\Downloads\주식\workspaces","C:\Users\jichu\Downloads\주식\workspaces\actual_run_workspace\runtime_status.json","actual_run_workspace\runtime_status.json","790","2026-05-02T17:10:46.7423704+04:00","FE5FF4328D20CE0BFBCD0DCC9AFECD55FCFFD1D46F2A947CAC381D4CC2AB241F"
"C:\Users\jichu\Downloads\주식\workspaces","C:\Users\jichu\Downloads\주식\workspaces\actual_run_workspace\benchmarks\benchmark_2026-05-02_171046.json","actual_run_workspace\benchmarks\benchmark_2026-05-02_171046.json","1389","2026-05-02T17:10:46.7896468+04:00","66061CE6005281BDDD973F6BC48FE63B6E4DBCDB576EB4D70596B551EBAE4803"
"C:\Users\jichu\Downloads\주식\workspaces","C:\Users\jichu\Downloads\주식\workspaces\actual_run_workspace\benchmarks\benchmark_2026-05-02_171046.md","actual_run_workspace\benchmarks\benchmark_2026-05-02_171046.md","746","2026-05-02T17:10:46.8057329+04:00","E60AB482C132796C0FB3506FA2F15F1554B2BCA738F3B5F1BFE76692DFF29915"
"C:\Users\jichu\Downloads\주식\workspaces","C:\Users\jichu\Downloads\주식\workspaces\actual_run_workspace\data\sample_ohlcv.csv","actual_run_workspace\data\sample_ohlcv.csv","68567","2026-05-02T17:10:46.3311583+04:00","EE64014ED4F1D71308CE5B99C9CADFB9116B017A34FD8CB13D615030FE90269F"
"C:\Users\jichu\Downloads\주식\workspaces","C:\Users\jichu\Downloads\주식\workspaces\actual_run_workspace\reports\daily_brief_2026-05-02_171046.md","actual_run_workspace\reports\daily_brief_2026-05-02_171046.md","1089","2026-05-02T17:10:46.6791612+04:00","4E11322E14E1DC9AEE33E53639EB580695305DC9445B67206DE9CC07C2CAE7F1"
"C:\Users\jichu\Downloads\주식\workspaces","C:\Users\jichu\Downloads\주식\workspaces\actual_run_workspace\reports\monthly_scorecard_2026-05-02_171046.md","actual_run_workspace\reports\monthly_scorecard_2026-05-02_171046.md","611","2026-05-02T17:10:46.6862024+04:00","CA2199AC0A0D002063B3D3AFE88699896F278C6491526681A995F4F0225CEA48"
"C:\Users\jichu\Downloads\주식\workspaces","C:\Users\jichu\Downloads\주식\workspaces\actual_run_workspace\reports\pipeline_result_2026-05-02_171046.json","actual_run_workspace\reports\pipeline_result_2026-05-02_171046.json","24989","2026-05-02T17:10:46.6882258+04:00","3B2F0D86E8118DC7D46465A4469CE341F1DE29719E3E98621594EBFFB7D24E65"
"C:\Users\jichu\Downloads\주식\workspaces","C:\Users\jichu\Downloads\주식\workspaces\actual_run_workspace\reports\risk_dashboard_2026-05-02_171046.md","actual_run_workspace\reports\risk_dashboard_2026-05-02_171046.md","504","2026-05-02T17:10:46.6836959+04:00","484775FAF948F2FCB1BC7524E5D622474A84B158CF7D8A7359BAABE96972B9D1"
"C:\Users\jichu\Downloads\주식\workspaces","C:\Users\jichu\Downloads\주식\workspaces\actual_run_workspace\reports\track_l_thesis_2026-05-02_171046.md","actual_run_workspace\reports\track_l_thesis_2026-05-02_171046.md","522","2026-05-02T17:10:46.6846941+04:00","2E6F2EBF0F4B150CB52F4C2167CA412479F35C619FF72224132E58DC7E456441"
"C:\Users\jichu\Downloads\주식\workspaces","C:\Users\jichu\Downloads\주식\workspaces\demo_workspace\data\sample_ohlcv.csv","demo_workspace\data\sample_ohlcv.csv","67846","2026-05-02T14:08:53.2890320+04:00","96E980B9B7EA288A7DCCE82521ED0AFBCAAD6BA8D64475823C0976F5067E60AE"
"C:\Users\jichu\Downloads\주식\workspaces","C:\Users\jichu\Downloads\주식\workspaces\demo_workspace\reports\daily_brief_2026-05-02_094309.md","demo_workspace\reports\daily_brief_2026-05-02_094309.md","1065","2026-05-02T14:08:53.2972629+04:00","932B3A5C67F70B028532C643441C1511F8D63CBD8E25A359D057C5852DB60201"
"C:\Users\jichu\Downloads\주식\workspaces","C:\Users\jichu\Downloads\주식\workspaces\demo_workspace\reports\monthly_scorecard_2026-05-02_094309.md","demo_workspace\reports\monthly_scorecard_2026-05-02_094309.md","588","2026-05-02T14:08:53.3176828+04:00","A533A3AFA9B7BFD729DC96E09A95A2AD15C9D1043245DEB9EE800DB3287DD3D0"
"C:\Users\jichu\Downloads\주식\workspaces","C:\Users\jichu\Downloads\주식\workspaces\demo_workspace\reports\pipeline_result_2026-05-02_094309.json","demo_workspace\reports\pipeline_result_2026-05-02_094309.json","23959","2026-05-02T14:08:53.3241388+04:00","F5D7E6D16C2ACAEE243808339DE5CDAB9EF5254BDB5DF21DE0F2FBC3641E2ACC"
"C:\Users\jichu\Downloads\주식\workspaces","C:\Users\jichu\Downloads\주식\workspaces\demo_workspace\reports\risk_dashboard_2026-05-02_094309.md","demo_workspace\reports\risk_dashboard_2026-05-02_094309.md","480","2026-05-02T14:08:53.2972629+04:00","FF0238B5FE30FCB109089AC942C76B342169876890962A4184579F28AEA3417F"
"C:\Users\jichu\Downloads\주식\workspaces","C:\Users\jichu\Downloads\주식\workspaces\demo_workspace\reports\track_l_thesis_2026-05-02_094309.md","demo_workspace\reports\track_l_thesis_2026-05-02_094309.md","507","2026-05-02T14:08:53.3124372+04:00","A231DAAE9384773428CD5767ACBF2744AFC8150E3ECBA756B42303061C781D14"
"C:\Users\jichu\Downloads\주식\workspaces","C:\Users\jichu\Downloads\주식\workspaces\run_wrapper_workspace\runtime_status.json","run_wrapper_workspace\runtime_status.json","790","2026-05-02T18:17:58.2416017+04:00","FE5FF4328D20CE0BFBCD0DCC9AFECD55FCFFD1D46F2A947CAC381D4CC2AB241F"
"C:\Users\jichu\Downloads\주식\workspaces","C:\Users\jichu\Downloads\주식\workspaces\run_wrapper_workspace\benchmarks\benchmark_2026-05-02_181758.json","run_wrapper_workspace\benchmarks\benchmark_2026-05-02_181758.json","1390","2026-05-02T18:17:58.2003421+04:00","F477A3B1D82ACF4B7448EF008827C318D81C7260D5B797C20062318F45B06CA9"
"C:\Users\jichu\Downloads\주식\workspaces","C:\Users\jichu\Downloads\주식\workspaces\run_wrapper_workspace\benchmarks\benchmark_2026-05-02_181758.md","run_wrapper_workspace\benchmarks\benchmark_2026-05-02_181758.md","746","2026-05-02T18:17:58.2133870+04:00","469F49E0832830772597951FAA65A1C1580E3922404545DEBEF167231ACCD3AE"
"C:\Users\jichu\Downloads\주식\workspaces","C:\Users\jichu\Downloads\주식\workspaces\run_wrapper_workspace\data\sample_ohlcv.csv","run_wrapper_workspace\data\sample_ohlcv.csv","68567","2026-05-02T18:17:57.9180787+04:00","EE64014ED4F1D71308CE5B99C9CADFB9116B017A34FD8CB13D615030FE90269F"
"C:\Users\jichu\Downloads\주식\workspaces","C:\Users\jichu\Downloads\주식\workspaces\run_wrapper_workspace\reports\daily_brief_2026-05-02_181758.md","run_wrapper_workspace\reports\daily_brief_2026-05-02_181758.md","1089","2026-05-02T18:17:58.2513445+04:00","8B60FD832223CB32F6E810A1FC3CC6D4CBEEBA2D518EBDC2A16EFB2E9C9410ED"
"C:\Users\jichu\Downloads\주식\workspaces","C:\Users\jichu\Downloads\주식\workspaces\run_wrapper_workspace\reports\monthly_scorecard_2026-05-02_181758.md","run_wrapper_workspace\reports\monthly_scorecard_2026-05-02_181758.md","611","2026-05-02T18:17:58.2575129+04:00","B58AEF8C63D6BEBA8D48FC58227AC3473422EA734D1B250F245526FAA4332D90"
"C:\Users\jichu\Downloads\주식\workspaces","C:\Users\jichu\Downloads\주식\workspaces\run_wrapper_workspace\reports\pipeline_result_2026-05-02_181758.json","run_wrapper_workspace\reports\pipeline_result_2026-05-02_181758.json","24989","2026-05-02T18:17:58.2607332+04:00","3B2F0D86E8118DC7D46465A4469CE341F1DE29719E3E98621594EBFFB7D24E65"
"C:\Users\jichu\Downloads\주식\workspaces","C:\Users\jichu\Downloads\주식\workspaces\run_wrapper_workspace\reports\risk_dashboard_2026-05-02_181758.md","run_wrapper_workspace\reports\risk_dashboard_2026-05-02_181758.md","504","2026-05-02T18:17:58.2558654+04:00","C8426A027EBCA22B6F33D3BB1E759CE1EE67E1E0E418EF596212B84392CB4810"
"C:\Users\jichu\Downloads\주식\workspaces","C:\Users\jichu\Downloads\주식\workspaces\run_wrapper_workspace\reports\track_l_thesis_2026-05-02_181758.md","run_wrapper_workspace\reports\track_l_thesis_2026-05-02_181758.md","522","2026-05-02T18:17:58.2565017+04:00","5216DA532149344CACDFDBD050B9D237E8B07691239909DFA3E9477B3672B57B"
"C:\Users\jichu\Downloads\주식\workspaces","C:\Users\jichu\Downloads\주식\workspaces\stock_rtx4060\__init__.py","stock_rtx4060\__init__.py","149","2026-05-02T14:08:53.0141125+04:00","F879F0A9EE49BEE7D1CBFF522EFAF4FF9A13A90CB7BE1B2C332AEF09590E0FDE"
"C:\Users\jichu\Downloads\주식\workspaces","C:\Users\jichu\Downloads\주식\workspaces\stock_rtx4060\backtester.py","stock_rtx4060\backtester.py","13747","2026-05-02T20:30:24.4652588+04:00","E6E346168BA63C375308CB8C6A6AE7875562CEDD092E124D70201D770646619A"
"C:\Users\jichu\Downloads\주식\workspaces","C:\Users\jichu\Downloads\주식\workspaces\stock_rtx4060\benchmark.py","stock_rtx4060\benchmark.py","6327","2026-05-02T18:46:37.7166427+04:00","7E779FFA82928DC9ACBE2B98C0DBA8AC00C57147E45885EADEDCDF51DD3CF1AE"
"C:\Users\jichu\Downloads\주식\workspaces","C:\Users\jichu\Downloads\주식\workspaces\stock_rtx4060\ensemble_model.py","stock_rtx4060\ensemble_model.py","15515","2026-05-02T20:30:05.4047173+04:00","C79B25ED733D6DD39929D082C5A0954AC632D0493D2158FBB18EE9351AA5D0F4"
"C:\Users\jichu\Downloads\주식\workspaces","C:\Users\jichu\Downloads\주식\workspaces\stock_rtx4060\feature_engine.py","stock_rtx4060\feature_engine.py","14387","2026-05-02T20:29:38.2756879+04:00","959AA34399EEE493866324FAE0E7C46776754C4A430F762631AA953DE7D4EFFA"
"C:\Users\jichu\Downloads\주식\workspaces","C:\Users\jichu\Downloads\주식\workspaces\stock_rtx4060\hw_profile.py","stock_rtx4060\hw_profile.py","10341","2026-05-02T14:08:53.0246200+04:00","84BEC35AA986F6E55C72D667B76AD693424CF8857380B1EBCE7DC595149FCFFF"
"C:\Users\jichu\Downloads\주식\workspaces","C:\Users\jichu\Downloads\주식\workspaces\stock_rtx4060\main.py","stock_rtx4060\main.py","13333","2026-05-02T20:33:49.0730181+04:00","1FA6D5C3D84F9051BE9E85190984EEED84FB2E3FEB6864FF3012C7A009D4A5F1"
"C:\Users\jichu\Downloads\주식\workspaces","C:\Users\jichu\Downloads\주식\workspaces\stock_rtx4060\recommendation_engine.py","stock_rtx4060\recommendation_engine.py","35612","2026-05-02T20:34:11.4133065+04:00","BF948CE22ACABA8508B32B4215DC0B9ED3246E336883E249F818832C4919A36C"
"C:\Users\jichu\Downloads\주식\workspaces","C:\Users\jichu\Downloads\주식\workspaces\stock_rtx4060\reports.py","stock_rtx4060\reports.py","6998","2026-05-02T14:08:53.0592013+04:00","FF809953E3952FF7D8E9314A7D41E35FEF16FFAD84A895A7048CDD882BFE3327"
"C:\Users\jichu\Downloads\주식\workspaces","C:\Users\jichu\Downloads\주식\workspaces\stock_rtx4060\risk_rules.py","stock_rtx4060\risk_rules.py","8864","2026-05-02T14:08:53.0402558+04:00","9167A1A7FEAC548FFB8F66CC10A61E22FA02FBEBC09006699E22E99582064E11"
"C:\Users\jichu\Downloads\주식\workspaces","C:\Users\jichu\Downloads\주식\workspaces\stock_rtx4060\__pycache__\__init__.cpython-312.pyc","stock_rtx4060\__pycache__\__init__.cpython-312.pyc","324","2026-05-02T19:24:55.3929462+04:00","D46A497DCFF973B592319F2C2B304DD9BA3E570A50DC5CA10B90E651D8CA244A"
"C:\Users\jichu\Downloads\주식\workspaces","C:\Users\jichu\Downloads\주식\workspaces\stock_rtx4060\__pycache__\__init__.cpython-314.pyc","stock_rtx4060\__pycache__\__init__.cpython-314.pyc","337","2026-05-02T19:53:21.5741236+04:00","2BBE07A70918AA5577B1EA01A2AF1321366F5E5E37FE49E4E35CE188224E9B27"
"C:\Users\jichu\Downloads\주식\workspaces","C:\Users\jichu\Downloads\주식\workspaces\stock_rtx4060\__pycache__\backtester.cpython-312.pyc","stock_rtx4060\__pycache__\backtester.cpython-312.pyc","18096","2026-05-02T20:34:27.9360315+04:00","345DA2BF1465C008C7C4ED8D039D1BBFCB5F183A2D4AF1B1AAEBD11E6452B951"
"C:\Users\jichu\Downloads\주식\workspaces","C:\Users\jichu\Downloads\주식\workspaces\stock_rtx4060\__pycache__\backtester.cpython-314.pyc","stock_rtx4060\__pycache__\backtester.cpython-314.pyc","21676","2026-05-02T20:34:17.4838318+04:00","9EF43952E20B87920983719929682DE9073187A9227CEDCA377934EE848C7115"
"C:\Users\jichu\Downloads\주식\workspaces","C:\Users\jichu\Downloads\주식\workspaces\stock_rtx4060\__pycache__\benchmark.cpython-312.pyc","stock_rtx4060\__pycache__\benchmark.cpython-312.pyc","9435","2026-05-02T19:24:55.9594397+04:00","A572AD0B6FD4F8B8174C63011A4525A6667D3DD4E8A4CBDA138C13EA92FE358A"
"C:\Users\jichu\Downloads\주식\workspaces","C:\Users\jichu\Downloads\주식\workspaces\stock_rtx4060\__pycache__\benchmark.cpython-314.pyc","stock_rtx4060\__pycache__\benchmark.cpython-314.pyc","11183","2026-05-02T19:53:21.7898426+04:00","07007D696995BA7244C46A49E5E5C1FE7FB4083AC0E45002BB3376E4EB202A76"
"C:\Users\jichu\Downloads\주식\workspaces","C:\Users\jichu\Downloads\주식\workspaces\stock_rtx4060\__pycache__\ensemble_model.cpython-312.pyc","stock_rtx4060\__pycache__\ensemble_model.cpython-312.pyc","24473","2026-05-02T20:34:27.9413523+04:00","B8A48DBBF3EB3E9553BC198DF9A51149C90D9E4D8367127B94E492AA68D62F5D"
"C:\Users\jichu\Downloads\주식\workspaces","C:\Users\jichu\Downloads\주식\workspaces\stock_rtx4060\__pycache__\ensemble_model.cpython-314.pyc","stock_rtx4060\__pycache__\ensemble_model.cpython-314.pyc","28439","2026-05-02T20:34:17.4936995+04:00","529AB43A0D549A8B313AD492697BD9E906866D1D1210438827511112B5529F20"
"C:\Users\jichu\Downloads\주식\workspaces","C:\Users\jichu\Downloads\주식\workspaces\stock_rtx4060\__pycache__\feature_engine.cpython-312.pyc","stock_rtx4060\__pycache__\feature_engine.cpython-312.pyc","25557","2026-05-02T20:34:27.9475534+04:00","A20E12DC602A6E11AF20772513D4133381BB4293C0A3AC5CE2761FE13FA3C230"
"C:\Users\jichu\Downloads\주식\workspaces","C:\Users\jichu\Downloads\주식\workspaces\stock_rtx4060\__pycache__\feature_engine.cpython-314.pyc","stock_rtx4060\__pycache__\feature_engine.cpython-314.pyc","30175","2026-05-02T20:34:17.4993840+04:00","B17A5C57A2C55050573B331ECA66412ED4759CBB53B15E9DB17D30EC815E52D2"
"C:\Users\jichu\Downloads\주식\workspaces","C:\Users\jichu\Downloads\주식\workspaces\stock_rtx4060\__pycache__\hw_profile.cpython-312.pyc","stock_rtx4060\__pycache__\hw_profile.cpython-312.pyc","14168","2026-05-02T19:24:55.9670369+04:00","B4CEB4AA373FE77F61F02F92F4DD6DBE27BBDB582946A1287327D23DFEB43BEF"
"C:\Users\jichu\Downloads\주식\workspaces","C:\Users\jichu\Downloads\주식\workspaces\stock_rtx4060\__pycache__\hw_profile.cpython-314.pyc","stock_rtx4060\__pycache__\hw_profile.cpython-314.pyc","16354","2026-05-02T19:53:21.7958107+04:00","A22379CDCF1229E8556BBCBC4B058AF69A94139A72C613AA8C451B19E701E8D6"
"C:\Users\jichu\Downloads\주식\workspaces","C:\Users\jichu\Downloads\주식\workspaces\stock_rtx4060\__pycache__\main.cpython-312.pyc","stock_rtx4060\__pycache__\main.cpython-312.pyc","20522","2026-05-02T20:34:27.9529821+04:00","217DA738E3A6303AC2FFFEBFC20782ABCDBB210C283E3A3674B274928C3AEA4B"
"C:\Users\jichu\Downloads\주식\workspaces","C:\Users\jichu\Downloads\주식\workspaces\stock_rtx4060\__pycache__\main.cpython-314.pyc","stock_rtx4060\__pycache__\main.cpython-314.pyc","22963","2026-05-02T20:34:17.5042140+04:00","4C8CDFFE41ACAD28BE96A7C08B348F17759F989530CC762C362D474E59646599"
"C:\Users\jichu\Downloads\주식\workspaces","C:\Users\jichu\Downloads\주식\workspaces\stock_rtx4060\__pycache__\recommendation_engine.cpython-312.pyc","stock_rtx4060\__pycache__\recommendation_engine.cpython-312.pyc","49858","2026-05-02T20:34:27.9671762+04:00","217327E83B8AFBB749729A80390D2F3A17D0B36484CE3A236C39D2D9B66B7ACE"
"C:\Users\jichu\Downloads\주식\workspaces","C:\Users\jichu\Downloads\주식\workspaces\stock_rtx4060\__pycache__\recommendation_engine.cpython-314.pyc","stock_rtx4060\__pycache__\recommendation_engine.cpython-314.pyc","56660","2026-05-02T20:34:17.5152044+04:00","7E6D40A2C305FF1B28248228BF6954F58BD3DDD8EA9F6B2C0294004FC1C84AF9"
"C:\Users\jichu\Downloads\주식\workspaces","C:\Users\jichu\Downloads\주식\workspaces\stock_rtx4060\__pycache__\reports.cpython-312.pyc","stock_rtx4060\__pycache__\reports.cpython-312.pyc","11773","2026-05-02T19:24:56.0521351+04:00","4EBB70D89CBCF2C24A2D43D69BAC291BE46EEA5B365E0777D4411C8DCBF460D5"
"C:\Users\jichu\Downloads\주식\workspaces","C:\Users\jichu\Downloads\주식\workspaces\stock_rtx4060\__pycache__\reports.cpython-314.pyc","stock_rtx4060\__pycache__\reports.cpython-314.pyc","13950","2026-05-02T19:53:21.8060936+04:00","9C1097A176C6BC2D34FAD14010ED45622E0C819E87D0C7967F5D6F4ED30246D8"
"C:\Users\jichu\Downloads\주식\workspaces","C:\Users\jichu\Downloads\주식\workspaces\stock_rtx4060\__pycache__\risk_rules.cpython-312.pyc","stock_rtx4060\__pycache__\risk_rules.cpython-312.pyc","14382","2026-05-02T19:24:56.0546722+04:00","4E43CB99892675A5BBD1EE7E214E1C1447BDCC68A385C6D7F9F29E2EEED44AA5"
"C:\Users\jichu\Downloads\주식\workspaces","C:\Users\jichu\Downloads\주식\workspaces\stock_rtx4060\__pycache__\risk_rules.cpython-314.pyc","stock_rtx4060\__pycache__\risk_rules.cpython-314.pyc","16700","2026-05-02T19:53:21.8077762+04:00","CFD028B64FA7A07303B2D1F9D44C9225204EE2F59CCAECD6AAADCC7CC61100FF"
"C:\Users\jichu\Downloads\주식\workspaces","C:\Users\jichu\Downloads\주식\workspaces\stock_rtx4060_patched\.gitignore","stock_rtx4060_patched\.gitignore","60","2026-05-02T14:08:52.7299523+04:00","96760DC9D2AEA15668AAC20BE108B6F30FE82E049B2D460B9DB787FAB490AE86"
"C:\Users\jichu\Downloads\주식\workspaces","C:\Users\jichu\Downloads\주식\workspaces\stock_rtx4060_patched\backtester.py","stock_rtx4060_patched\backtester.py","6522","2026-05-02T14:08:52.6424767+04:00","28B81C0A6FE38878FD7865FAF6C6F44C52550D200DDD2F072064AE36BA183641"
"C:\Users\jichu\Downloads\주식\workspaces","C:\Users\jichu\Downloads\주식\workspaces\stock_rtx4060_patched\BENCHMARK_AND_CROSSCHECK.md","stock_rtx4060_patched\BENCHMARK_AND_CROSSCHECK.md","1527","2026-05-02T14:18:52.5825688+04:00","CCA9B338A49A283302E09CF512685BC9F313C65477B9D0C9BFF2EB33B671961C"
"C:\Users\jichu\Downloads\주식\workspaces","C:\Users\jichu\Downloads\주식\workspaces\stock_rtx4060_patched\benchmark.py","stock_rtx4060_patched\benchmark.py","3988","2026-05-02T14:19:45.3837036+04:00","6050878EE59D409F4EA6FB2BD49C5A2814802A2E4054B4B3D20C71F3B1516BA0"
"C:\Users\jichu\Downloads\주식\workspaces","C:\Users\jichu\Downloads\주식\workspaces\stock_rtx4060_patched\CHANGELOG.md","stock_rtx4060_patched\CHANGELOG.md","731","2026-05-02T14:18:52.5845658+04:00","2C019DA7DE16BD6D2CAB8B57C6E17D76170150994C48DDEDDFEDE6FCE535DA2F"
"C:\Users\jichu\Downloads\주식\workspaces","C:\Users\jichu\Downloads\주식\workspaces\stock_rtx4060_patched\ensemble_model.py","stock_rtx4060_patched\ensemble_model.py","9143","2026-05-02T14:08:52.6271788+04:00","2940DC4DFF749219BAE43EC06A4A598B2DE6A1588A780AA5FEE7CBB61FDA3145"
"C:\Users\jichu\Downloads\주식\workspaces","C:\Users\jichu\Downloads\주식\workspaces\stock_rtx4060_patched\feature_engine.py","stock_rtx4060_patched\feature_engine.py","5746","2026-05-02T14:08:52.6271788+04:00","1CF798C323B37F120D8B7BC7445A5CE8527DDF5616FB635F7E4621BA7CB16C3C"
"C:\Users\jichu\Downloads\주식\workspaces","C:\Users\jichu\Downloads\주식\workspaces\stock_rtx4060_patched\hw_profile.py","stock_rtx4060_patched\hw_profile.py","7196","2026-05-02T14:08:52.6148481+04:00","CB33503ED06B2C1FD5CD1DC3518A565D19C2E85CD8ACCE69C30D29E9C377339C"
"C:\Users\jichu\Downloads\주식\workspaces","C:\Users\jichu\Downloads\주식\workspaces\stock_rtx4060_patched\main.py","stock_rtx4060_patched\main.py","261","2026-05-02T14:08:52.6678191+04:00","A88726FB15CC726891EFFCE1239DEB58DF66D00EA25AB404D0E6C78DC9FA41A3"
"C:\Users\jichu\Downloads\주식\workspaces","C:\Users\jichu\Downloads\주식\workspaces\stock_rtx4060_patched\PATCH_REPORT_2026.md","stock_rtx4060_patched\PATCH_REPORT_2026.md","1801","2026-05-02T14:08:52.7778764+04:00","AC2803C7291D2E70399AF75E643D74BAD5D02C2103F48034B80F95C796D39956"
"C:\Users\jichu\Downloads\주식\workspaces","C:\Users\jichu\Downloads\주식\workspaces\stock_rtx4060_patched\pyproject.toml","stock_rtx4060_patched\pyproject.toml","428","2026-05-02T14:08:52.6800377+04:00","A361D8BD369DD2B46EB883E63858DE833A9A903E10E9DEA5922EF005D63033B4"
"C:\Users\jichu\Downloads\주식\workspaces","C:\Users\jichu\Downloads\주식\workspaces\stock_rtx4060_patched\README.md","stock_rtx4060_patched\README.md","2785","2026-05-02T14:08:52.6984629+04:00","4175DF58E7EA4AC2512D428196C777D79FEBE8D1DAADBEDB333DC6DDEB4E6DC5"
"C:\Users\jichu\Downloads\주식\workspaces","C:\Users\jichu\Downloads\주식\workspaces\stock_rtx4060_patched\report_engine.py","stock_rtx4060_patched\report_engine.py","7477","2026-05-02T14:08:52.6515521+04:00","32DA21B7F949A3F68A10DAEC9DD1235691BEA47F4BFE3572B24B8B5D934F0821"
"C:\Users\jichu\Downloads\주식\workspaces","C:\Users\jichu\Downloads\주식\workspaces\stock_rtx4060_patched\requirements-base.txt","stock_rtx4060_patched\requirements-base.txt","76","2026-05-02T14:08:52.7370616+04:00","748422D11278DC7D58B4A01EE726A0F5DA7C9EBCB1E181153081B7A622B9C91C"
"C:\Users\jichu\Downloads\주식\workspaces","C:\Users\jichu\Downloads\주식\workspaces\stock_rtx4060_patched\requirements-data.txt","stock_rtx4060_patched\requirements-data.txt","16","2026-05-02T14:08:52.7402602+04:00","D64C15B5BC1FA112DF7FEF33BA517E0779D2D9C8A885BE4DA8E01BA54E6FF0A5"
"C:\Users\jichu\Downloads\주식\workspaces","C:\Users\jichu\Downloads\주식\workspaces\stock_rtx4060_patched\requirements-gpu-wsl2.txt","stock_rtx4060_patched\requirements-gpu-wsl2.txt","46","2026-05-02T14:08:52.7508225+04:00","6CBA0E17A35F285000DA5BB6C81287333FE6BF4926B3D0FFA90682075840BACB"
"C:\Users\jichu\Downloads\주식\workspaces","C:\Users\jichu\Downloads\주식\workspaces\stock_rtx4060_patched\requirements-gpu.txt","stock_rtx4060_patched\requirements-gpu.txt","263","2026-05-02T14:08:52.6734691+04:00","F9BEC76C043086C8052CA898CADA5FFB5D564EFBF10A62298B605559EFC2E4C6"
"C:\Users\jichu\Downloads\주식\workspaces","C:\Users\jichu\Downloads\주식\workspaces\stock_rtx4060_patched\requirements-ml.txt","stock_rtx4060_patched\requirements-ml.txt","13","2026-05-02T14:08:52.7508225+04:00","9CB237EEEEFCBC48D36A24E6A0AAFF36BAE74F5A068434F05B25D55BB9E5E787"
"C:\Users\jichu\Downloads\주식\workspaces","C:\Users\jichu\Downloads\주식\workspaces\stock_rtx4060_patched\requirements.txt","stock_rtx4060_patched\requirements.txt","188","2026-05-02T14:08:52.7711380+04:00","5DABC78E53249EA04BEFE88355F8DC5203CC158E1500F7426F43B49BDB620733"
"C:\Users\jichu\Downloads\주식\workspaces","C:\Users\jichu\Downloads\주식\workspaces\stock_rtx4060_patched\run_benchmark.ps1","stock_rtx4060_patched\run_benchmark.ps1","74","2026-05-02T14:18:52.5855724+04:00","4E6F2D2DD3F96B8B4271943641974B75862F65C39D9FC8BD69136C95801DBCD0"
"C:\Users\jichu\Downloads\주식\workspaces","C:\Users\jichu\Downloads\주식\workspaces\stock_rtx4060_patched\run_offline_demo.ps1","stock_rtx4060_patched\run_offline_demo.ps1","88","2026-05-02T14:18:52.5865740+04:00","12AE361EBA7DD73D55608FEA901F46E0870CF3AB408ACCE317FEEF4C0CE2EFBD"
"C:\Users\jichu\Downloads\주식\workspaces","C:\Users\jichu\Downloads\주식\workspaces\stock_rtx4060_patched\SETUP_2026.md","stock_rtx4060_patched\SETUP_2026.md","1791","2026-05-02T14:08:52.7629664+04:00","F1FAD42932285C337B95568BC2D24D78B25CF581253DE4D1E58BCCB160818031"
"C:\Users\jichu\Downloads\주식\workspaces","C:\Users\jichu\Downloads\주식\workspaces\stock_rtx4060_patched\SETUP.md","stock_rtx4060_patched\SETUP.md","1364","2026-05-02T14:18:52.5835661+04:00","74A71D3E01F7A96262CABF88F3A5A65D296179FE9244561271C16A2F0014D2AA"
"C:\Users\jichu\Downloads\주식\workspaces","C:\Users\jichu\Downloads\주식\workspaces\stock_rtx4060_patched\docs\CROSS_CHECK_2026.md","stock_rtx4060_patched\docs\CROSS_CHECK_2026.md","3673","2026-05-02T14:08:52.8026287+04:00","EA6A407BBD64402FD9066DAC926C46B76051783B6CABAC88A5828B2CAD3166E0"
"C:\Users\jichu\Downloads\주식\workspaces","C:\Users\jichu\Downloads\주식\workspaces\stock_rtx4060_patched\docs\TECH_SOURCE_URLS.md","stock_rtx4060_patched\docs\TECH_SOURCE_URLS.md","988","2026-05-02T14:08:52.8131362+04:00","52A1FEAA57B0916130948730649589944C2AD3C93471A5CFF9AA5C4560102E03"
"C:\Users\jichu\Downloads\주식\workspaces","C:\Users\jichu\Downloads\주식\workspaces\stock_rtx4060_patched\docs\uploaded_plan_rev.md","stock_rtx4060_patched\docs\uploaded_plan_rev.md","28639","2026-05-02T14:08:52.8131362+04:00","30EB82E4AD20454702479974396D37E3CED989D659A1C979869D5481E4EE2118"
"C:\Users\jichu\Downloads\주식\workspaces","C:\Users\jichu\Downloads\주식\workspaces\stock_rtx4060_patched\docs\uploaded_uiux.md","stock_rtx4060_patched\docs\uploaded_uiux.md","21697","2026-05-02T14:08:52.8283627+04:00","820479A5F8AB747F68760F9B2C937BF53D9ABA74492AE42B82A1607B87324AAD"
"C:\Users\jichu\Downloads\주식\workspaces","C:\Users\jichu\Downloads\주식\workspaces\stock_rtx4060_patched\examples\demo_workspace\benchmarks\benchmark_report.md","stock_rtx4060_patched\examples\demo_workspace\benchmarks\benchmark_report.md","2023","2026-05-02T14:08:52.9083548+04:00","2F683E4C4E79BC2C7673510F33EE7B24B893FCE707EF5F9D56649CC4C12FD39E"
"C:\Users\jichu\Downloads\주식\workspaces","C:\Users\jichu\Downloads\주식\workspaces\stock_rtx4060_patched\examples\demo_workspace\benchmarks\benchmark_result.json","stock_rtx4060_patched\examples\demo_workspace\benchmarks\benchmark_result.json","1113","2026-05-02T14:08:52.9041878+04:00","7800348E716923533BF213668FDE3F477520DC70AFE42946EF82C4EB5B35EA17"
"C:\Users\jichu\Downloads\주식\workspaces","C:\Users\jichu\Downloads\주식\workspaces\stock_rtx4060_patched\examples\demo_workspace\data\sample_ohlcv.csv","stock_rtx4060_patched\examples\demo_workspace\data\sample_ohlcv.csv","47374","2026-05-02T14:08:52.8443545+04:00","CD738130BA0A8AD34C1C53CBBDA91D2795F94900D5ADCAEBB4798124EE892B96"
"C:\Users\jichu\Downloads\주식\workspaces","C:\Users\jichu\Downloads\주식\workspaces\stock_rtx4060_patched\examples\demo_workspace\journal\journal.csv","stock_rtx4060_patched\examples\demo_workspace\journal\journal.csv","251","2026-05-02T14:08:52.8929609+04:00","2D175F8A3FB2A2E61BB2DFF35CDDC4348764830C0F8DED08CFAFA475E69807D5"
"C:\Users\jichu\Downloads\주식\workspaces","C:\Users\jichu\Downloads\주식\workspaces\stock_rtx4060_patched\examples\demo_workspace\reports\daily_brief_2026-05-02.md","stock_rtx4060_patched\examples\demo_workspace\reports\daily_brief_2026-05-02.md","1533","2026-05-02T14:08:52.8567912+04:00","02DE8DB8462D2E769B833CEFD765834F17492ECABAACE77B7463A9E83E7AB1CB"
"C:\Users\jichu\Downloads\주식\workspaces","C:\Users\jichu\Downloads\주식\workspaces\stock_rtx4060_patched\examples\demo_workspace\reports\monthly_scorecard_2026-05-02.md","stock_rtx4060_patched\examples\demo_workspace\reports\monthly_scorecard_2026-05-02.md","1773","2026-05-02T14:08:52.8754413+04:00","4F1328C8BB238C097C49C63F4A7788418A7DD943714D51A546803E81BA903767"
"C:\Users\jichu\Downloads\주식\workspaces","C:\Users\jichu\Downloads\주식\workspaces\stock_rtx4060_patched\examples\demo_workspace\reports\risk_dashboard_2026-05-02.md","stock_rtx4060_patched\examples\demo_workspace\reports\risk_dashboard_2026-05-02.md","793","2026-05-02T14:08:52.8670141+04:00","35BC77F658459D305A9E8699D18298D4153F8A7891F21D3A34BD7B2B2030843B"
"C:\Users\jichu\Downloads\주식\workspaces","C:\Users\jichu\Downloads\주식\workspaces\stock_rtx4060_patched\examples\demo_workspace\reports\track_l_thesis_2026-05-02.md","stock_rtx4060_patched\examples\demo_workspace\reports\track_l_thesis_2026-05-02.md","872","2026-05-02T14:08:52.8826576+04:00","02090617F39ABA9B660BD0FBB03BB690DC2DE9667250AB82159382FDAA9038E8"
"C:\Users\jichu\Downloads\주식\workspaces","C:\Users\jichu\Downloads\주식\workspaces\stock_rtx4060_patched\reports\self_test_debug\environment_validation.json","stock_rtx4060_patched\reports\self_test_debug\environment_validation.json","1283","2026-05-02T14:08:52.7899983+04:00","DFA4197DFAAA06D8D4ED46F2C4C33B6C181B4B30C72AD3B2780F6B41FA61DB76"
"C:\Users\jichu\Downloads\주식\workspaces","C:\Users\jichu\Downloads\주식\workspaces\stock_rtx4060_patched\reports\self_test_debug\environment_validation.md","stock_rtx4060_patched\reports\self_test_debug\environment_validation.md","1090","2026-05-02T14:08:52.7970721+04:00","6806B6DD4D0E4A6B099A9470E2DA3C3BEAEED083DF0937DA31353F5BE8AB49A7"
"C:\Users\jichu\Downloads\주식\workspaces","C:\Users\jichu\Downloads\주식\workspaces\stock_rtx4060_patched\stock_rtx4060\__init__.py","stock_rtx4060_patched\stock_rtx4060\__init__.py","95","2026-05-02T14:08:52.9349249+04:00","F964902F3F08C2A103CBBA701925381852EE534F6BB8DCD3A02E80452AA3D38A"
"C:\Users\jichu\Downloads\주식\workspaces","C:\Users\jichu\Downloads\주식\workspaces\stock_rtx4060_patched\stock_rtx4060\backtester.py","stock_rtx4060_patched\stock_rtx4060\backtester.py","6379","2026-05-02T14:08:52.9624027+04:00","7A891D71359BFF88D2F8E4C7739C5F25E75C8FE7EBD0EEA30BCE7D55C5EDBC55"
"C:\Users\jichu\Downloads\주식\workspaces","C:\Users\jichu\Downloads\주식\workspaces\stock_rtx4060_patched\stock_rtx4060\benchmark.py","stock_rtx4060_patched\stock_rtx4060\benchmark.py","5311","2026-05-02T14:08:52.9937489+04:00","C9014A3E3AC3E244A80A57DD3DF5D488FC3B32CEE728AB930715BF298F38A813"
"C:\Users\jichu\Downloads\주식\workspaces","C:\Users\jichu\Downloads\주식\workspaces\stock_rtx4060_patched\stock_rtx4060\data_loader.py","stock_rtx4060_patched\stock_rtx4060\data_loader.py","2601","2026-05-02T14:08:52.9812600+04:00","6A94E88F41C446138AA0201A972FA25D02114AE5F8B9A3A60B84DE84FD655C0D"
"C:\Users\jichu\Downloads\주식\workspaces","C:\Users\jichu\Downloads\주식\workspaces\stock_rtx4060_patched\stock_rtx4060\ensemble_model.py","stock_rtx4060_patched\stock_rtx4060\ensemble_model.py","10299","2026-05-02T14:08:52.9714894+04:00","AED7A2EF8075DD33E20E8D0CB094093DF436AB5419B6E681086E243748E7561B"
"C:\Users\jichu\Downloads\주식\workspaces","C:\Users\jichu\Downloads\주식\workspaces\stock_rtx4060_patched\stock_rtx4060\feature_engine.py","stock_rtx4060_patched\stock_rtx4060\feature_engine.py","8862","2026-05-02T14:08:52.9502647+04:00","0651480074CD277E511E7E5CC562F8C23068367555002F820A2826A5DD3565C0"
"C:\Users\jichu\Downloads\주식\workspaces","C:\Users\jichu\Downloads\주식\workspaces\stock_rtx4060_patched\stock_rtx4060\hw_profile.py","stock_rtx4060_patched\stock_rtx4060\hw_profile.py","6534","2026-05-02T14:08:52.9412809+04:00","754A89DCED2E7010F81372A6D733338C582D917AE6462324C40CD058A311C41F"
"C:\Users\jichu\Downloads\주식\workspaces","C:\Users\jichu\Downloads\주식\workspaces\stock_rtx4060_patched\stock_rtx4060\main.py","stock_rtx4060_patched\stock_rtx4060\main.py","7242","2026-05-02T14:08:53.0038040+04:00","4A49DFD9F51369338BCD49E56C85AF653E00E2FFDF3A0E59EE37F42F0C6CA497"
"C:\Users\jichu\Downloads\주식\workspaces","C:\Users\jichu\Downloads\주식\workspaces\stock_rtx4060_patched\stock_rtx4060\reporting.py","stock_rtx4060_patched\stock_rtx4060\reporting.py","6876","2026-05-02T14:08:52.9881991+04:00","00E7792023D4AFE66A9F1D108734B9B015E6E5B6A123C68C4926A789040F7257"
"C:\Users\jichu\Downloads\주식\workspaces","C:\Users\jichu\Downloads\주식\workspaces\stock_rtx4060_patched\stock_rtx4060\rules.py","stock_rtx4060_patched\stock_rtx4060\rules.py","6934","2026-05-02T14:08:52.9530080+04:00","0FF9A2D9F6BD202520B369C009393B9031A704E873EF89DD67208828A5A65194"
"C:\Users\jichu\Downloads\주식\workspaces","C:\Users\jichu\Downloads\주식\workspaces\stock_rtx4060_patched\stock_rtx4060\__pycache__\__init__.cpython-314.pyc","stock_rtx4060_patched\stock_rtx4060\__pycache__\__init__.cpython-314.pyc","269","2026-05-02T19:53:21.8287528+04:00","80AED694AC3F5CAEEFB126981A7F16F522977E894541DB3D2CEEBFCCA337E3EB"
"C:\Users\jichu\Downloads\주식\workspaces","C:\Users\jichu\Downloads\주식\workspaces\stock_rtx4060_patched\stock_rtx4060\__pycache__\backtester.cpython-314.pyc","stock_rtx4060_patched\stock_rtx4060\__pycache__\backtester.cpython-314.pyc","13454","2026-05-02T19:53:21.8371684+04:00","EB587BB807E2D557D01CEE8A44CB560A7969614F8A5E61A0D71409534E393094"
"C:\Users\jichu\Downloads\주식\workspaces","C:\Users\jichu\Downloads\주식\workspaces\stock_rtx4060_patched\stock_rtx4060\__pycache__\benchmark.cpython-314.pyc","stock_rtx4060_patched\stock_rtx4060\__pycache__\benchmark.cpython-314.pyc","10637","2026-05-02T19:53:21.8391444+04:00","FB6B55664E752EF3C0B5D5E5D5E77E979784DC0923C9344BDF367FAA65D98E5C"
"C:\Users\jichu\Downloads\주식\workspaces","C:\Users\jichu\Downloads\주식\workspaces\stock_rtx4060_patched\stock_rtx4060\__pycache__\data_loader.cpython-314.pyc","stock_rtx4060_patched\stock_rtx4060\__pycache__\data_loader.cpython-314.pyc","5738","2026-05-02T19:53:21.8391444+04:00","D4821A75DBB5C338A3E861BDAFCBFFE1C5EE8EEB8ED7E46B7B4650BF8B70C0AA"
"C:\Users\jichu\Downloads\주식\workspaces","C:\Users\jichu\Downloads\주식\workspaces\stock_rtx4060_patched\stock_rtx4060\__pycache__\ensemble_model.cpython-314.pyc","stock_rtx4060_patched\stock_rtx4060\__pycache__\ensemble_model.cpython-314.pyc","25227","2026-05-02T19:53:21.8391444+04:00","E804C95B4778998DA944F3B2D257CF5A7DAB7DA30DBC90443CA29578A3C106C3"
"C:\Users\jichu\Downloads\주식\workspaces","C:\Users\jichu\Downloads\주식\workspaces\stock_rtx4060_patched\stock_rtx4060\__pycache__\feature_engine.cpython-314.pyc","stock_rtx4060_patched\stock_rtx4060\__pycache__\feature_engine.cpython-314.pyc","21433","2026-05-02T19:53:21.8497343+04:00","DDB68413CA2E743B84F27A735BF66F42FD78E710C150522554ECBA5A77DD98C1"
"C:\Users\jichu\Downloads\주식\workspaces","C:\Users\jichu\Downloads\주식\workspaces\stock_rtx4060_patched\stock_rtx4060\__pycache__\hw_profile.cpython-314.pyc","stock_rtx4060_patched\stock_rtx4060\__pycache__\hw_profile.cpython-314.pyc","12308","2026-05-02T19:53:21.8497343+04:00","2713FA7BD7917A33517ED85181600CF47B9C73AC148C7FA849FCCF705D12D03C"
"C:\Users\jichu\Downloads\주식\workspaces","C:\Users\jichu\Downloads\주식\workspaces\stock_rtx4060_patched\stock_rtx4060\__pycache__\main.cpython-314.pyc","stock_rtx4060_patched\stock_rtx4060\__pycache__\main.cpython-314.pyc","15144","2026-05-02T19:53:21.8539894+04:00","E7C038BA8357C8DA0E0241FD760C790F98B9A296D0E01EECEB073598D4464DAE"
"C:\Users\jichu\Downloads\주식\workspaces","C:\Users\jichu\Downloads\주식\workspaces\stock_rtx4060_patched\stock_rtx4060\__pycache__\reporting.cpython-314.pyc","stock_rtx4060_patched\stock_rtx4060\__pycache__\reporting.cpython-314.pyc","13330","2026-05-02T19:53:21.8539894+04:00","F5B3AE43C0F11972C87CFD1269D4A67B564F960580A64773290BDC12EC8E4154"
"C:\Users\jichu\Downloads\주식\workspaces","C:\Users\jichu\Downloads\주식\workspaces\stock_rtx4060_patched\stock_rtx4060\__pycache__\rules.cpython-314.pyc","stock_rtx4060_patched\stock_rtx4060\__pycache__\rules.cpython-314.pyc","13377","2026-05-02T19:53:21.8617325+04:00","BA8CB4CDA972C8C0B71C5A7B03EC4A598752AB09EBE6D10C9AA70BE844888FCF"
"C:\Users\jichu\Downloads\주식\workspaces","C:\Users\jichu\Downloads\주식\workspaces\stock_rtx4060_patched\tests\test_smoke.py","stock_rtx4060_patched\tests\test_smoke.py","743","2026-05-02T14:08:52.9190234+04:00","22C8C8553FF1647773CDD40696023E2D212725A92CB536E20D900C20C463E7D5"
"C:\Users\jichu\Downloads\주식\workspaces","C:\Users\jichu\Downloads\주식\workspaces\stock_rtx4060_patched\tests\__pycache__\test_smoke.cpython-314.pyc","stock_rtx4060_patched\tests\__pycache__\test_smoke.cpython-314.pyc","1559","2026-05-02T19:53:21.8639014+04:00","B45DD431A9C253ACC4FA602B2546F210C304794864360607D1A1D9D5F691C045"
"C:\Users\jichu\Downloads\주식\workspaces","C:\Users\jichu\Downloads\주식\workspaces\stock_rtx4060_patched\workspace_validation\benchmarks\benchmark_report.md","stock_rtx4060_patched\workspace_validation\benchmarks\benchmark_report.md","3819","2026-05-02T14:19:09.0292241+04:00","95AB7D75732079E94B6C7D1D7A9DCB49FA1CCB689101642DE3464107BCA5C977"
"C:\Users\jichu\Downloads\주식\workspaces","C:\Users\jichu\Downloads\주식\workspaces\stock_rtx4060_patched\workspace_validation\benchmarks\benchmark_result.json","stock_rtx4060_patched\workspace_validation\benchmarks\benchmark_result.json","2904","2026-05-02T14:19:09.0086361+04:00","9060E2714964A8A07AB58B3BA911340BEA2FC9EA041DC78ECC5A82ED050292E7"
"C:\Users\jichu\Downloads\주식\workspaces","C:\Users\jichu\Downloads\주식\workspaces\stock_rtx4060_patched\__pycache__\backtester.cpython-314.pyc","stock_rtx4060_patched\__pycache__\backtester.cpython-314.pyc","10661","2026-05-02T19:53:21.8126271+04:00","5DC1F62561F92A84516D2A00735951B53759C6A9EAF03868AE8109AAAD3FC72A"
"C:\Users\jichu\Downloads\주식\workspaces","C:\Users\jichu\Downloads\주식\workspaces\stock_rtx4060_patched\__pycache__\benchmark.cpython-314.pyc","stock_rtx4060_patched\__pycache__\benchmark.cpython-314.pyc","6192","2026-05-02T19:53:21.8126271+04:00","1A5DD9725347A955BDB920A917F9D597936466F3F5F189DB17173413EBB01954"
"C:\Users\jichu\Downloads\주식\workspaces","C:\Users\jichu\Downloads\주식\workspaces\stock_rtx4060_patched\__pycache__\ensemble_model.cpython-314.pyc","stock_rtx4060_patched\__pycache__\ensemble_model.cpython-314.pyc","18769","2026-05-02T19:53:21.8181330+04:00","C729865D2647F2BC6C67503728E76E65284D57054FC31E7F392D2B81B2285B18"
"C:\Users\jichu\Downloads\주식\workspaces","C:\Users\jichu\Downloads\주식\workspaces\stock_rtx4060_patched\__pycache__\feature_engine.cpython-314.pyc","stock_rtx4060_patched\__pycache__\feature_engine.cpython-314.pyc","11795","2026-05-02T19:53:21.8224416+04:00","3701AD41D23E35075270B6E693FD216CD5675CB2B9896FC305E40F9D135F93DB"
"C:\Users\jichu\Downloads\주식\workspaces","C:\Users\jichu\Downloads\주식\workspaces\stock_rtx4060_patched\__pycache__\hw_profile.cpython-314.pyc","stock_rtx4060_patched\__pycache__\hw_profile.cpython-314.pyc","13924","2026-05-02T19:53:21.8224416+04:00","34CB38CB4F94A52FEE5B2512921A3B6F727E71A1321FFB5AFAAEB6137A8CB51C"
"C:\Users\jichu\Downloads\주식\workspaces","C:\Users\jichu\Downloads\주식\workspaces\stock_rtx4060_patched\__pycache__\main.cpython-314.pyc","stock_rtx4060_patched\__pycache__\main.cpython-314.pyc","467","2026-05-02T19:53:21.8287528+04:00","E796BCB301753DFE9B84B95253ACD9BE618B48A52952E0BB504C2930D49C0DED"
"C:\Users\jichu\Downloads\주식\workspaces","C:\Users\jichu\Downloads\주식\workspaces\stock_rtx4060_patched\__pycache__\report_engine.cpython-314.pyc","stock_rtx4060_patched\__pycache__\report_engine.cpython-314.pyc","10206","2026-05-02T19:53:21.8287528+04:00","FDE6A11F2B4ECB40DDCF3C27924640536D903962ACAAA6459B126D38983A1ACF"
